[{"model": "contenttypes.contenttype", "pk": 1, "fields": {"model": "logentry", "app_label": "admin"}}, {"model": "contenttypes.contenttype", "pk": 2, "fields": {"model": "permission", "app_label": "auth"}}, {"model": "contenttypes.contenttype", "pk": 3, "fields": {"model": "group", "app_label": "auth"}}, {"model": "contenttypes.contenttype", "pk": 4, "fields": {"model": "user", "app_label": "auth"}}, {"model": "contenttypes.contenttype", "pk": 5, "fields": {"model": "contenttype", "app_label": "contenttypes"}}, {"model": "contenttypes.contenttype", "pk": 6, "fields": {"model": "session", "app_label": "sessions"}}, {"model": "contenttypes.contenttype", "pk": 7, "fields": {"model": "director", "app_label": "movies"}}, {"model": "contenttypes.contenttype", "pk": 8, "fields": {"model": "writer", "app_label": "movies"}}, {"model": "contenttypes.contenttype", "pk": 9, "fields": {"model": "actor", "app_label": "movies"}}, {"model": "contenttypes.contenttype", "pk": 10, "fields": {"model": "movie", "app_label": "movies"}}, {"model": "sessions.session", "pk": "ny44y87o89sf9lfb07mapkw8fhbyld46", "fields": {"session_data": "MTAwYTAzZGM0ZDA0YjhhNzMyNTEwODU3M2ViODBkODgyN2Y5YTFkNjp7Il9hdXRoX3VzZXJfYmFja2VuZCI6ImRqYW5nby5jb250cmliLmF1dGguYmFja2VuZHMuTW9kZWxCYWNrZW5kIiwiX2F1dGhfdXNlcl9pZCI6IjEiLCJfYXV0aF91c2VyX2hhc2giOiIyNzhjMmUwNzlhZDNjOGM0NmFlMWEzOTBiMzhkMjdlZmI0OGE0MDE0In0=", "expire_date": "2015-08-14T14:20:18.713Z"}}, {"model": "movies.director", "pk": 1, "fields": {"name": "Chris Columbus"}}, {"model": "movies.director", "pk": 2, "fields": {"name": "Alfonso Cuar\u00f3n"}}, {"model": "movies.director", "pk": 3, "fields": {"name": "Mike Newell"}}, {"model": "movies.director", "pk": 4, "fields": {"name": "David Yates"}}, {"model": "movies.director", "pk": 5, "fields": {"name": "Chitra Chand"}}, {"model": "movies.director", "pk": 6, "fields": {"name": "Christopher Nolan"}}, {"model": "movies.director", "pk": 7, "fields": {"name": "Robert Zemeckis"}}, {"model": "movies.writer", "pk": 1, "fields": {"name": "J.K. Rowling (novel), Steve Kloves (screenplay)"}}, {"model": "movies.writer", "pk": 2, "fields": {"name": "Steve Kloves (screenplay), J.K. Rowling (novel)"}}, {"model": "movies.writer", "pk": 3, "fields": {"name": "Michael Goldenberg (screenplay), J.K. Rowling (novel)"}}, {"model": "movies.writer", "pk": 4, "fields": {"name": "Sonja Engen"}}, {"model": "movies.writer", "pk": 5, "fields": {"name": "Christopher Nolan"}}, {"model": "movies.writer", "pk": 6, "fields": {"name": "Winston Groom (novel), Eric Roth (screenplay)"}}, {"model": "movies.actor", "pk": 1, "fields": {"name": "Richard Harris"}}, {"model": "movies.actor", "pk": 2, "fields": {"name": "Maggie Smith"}}, {"model": "movies.actor", "pk": 3, "fields": {"name": "Robbie Coltrane"}}, {"model": "movies.actor", "pk": 4, "fields": {"name": "Saunders Triplets"}}, {"model": "movies.actor", "pk": 5, "fields": {"name": "Daniel Radcliffe"}}, {"model": "movies.actor", "pk": 6, "fields": {"name": "Rupert Grint"}}, {"model": "movies.actor", "pk": 7, "fields": {"name": "Emma Watson"}}, {"model": "movies.actor", "pk": 8, "fields": {"name": "Richard Griffiths"}}, {"model": "movies.actor", "pk": 9, "fields": {"name": "Pam Ferris"}}, {"model": "movies.actor", "pk": 10, "fields": {"name": "Fiona Shaw"}}, {"model": "movies.actor", "pk": 11, "fields": {"name": "Eric Sykes"}}, {"model": "movies.actor", "pk": 12, "fields": {"name": "Timothy Spall"}}, {"model": "movies.actor", "pk": 13, "fields": {"name": "David Tennant"}}, {"model": "movies.actor", "pk": 14, "fields": {"name": "Harry Melling"}}, {"model": "movies.actor", "pk": 15, "fields": {"name": "Jason Boyd"}}, {"model": "movies.actor", "pk": 16, "fields": {"name": "Richard Macklin"}}, {"model": "movies.actor", "pk": 17, "fields": {"name": "Karl Schmid"}}, {"model": "movies.actor", "pk": 18, "fields": {"name": "Michael Gambon"}}, {"model": "movies.actor", "pk": 19, "fields": {"name": "Dave Legeno"}}, {"model": "movies.actor", "pk": 20, "fields": {"name": "Elarica Gallacher"}}, {"model": "movies.actor", "pk": 21, "fields": {"name": "Ralph Fiennes"}}, {"model": "movies.actor", "pk": 22, "fields": {"name": "Alan Rickman"}}, {"model": "movies.actor", "pk": 23, "fields": {"name": "Bill Nighy"}}, {"model": "movies.actor", "pk": 24, "fields": {"name": "Leonardo DiCaprio"}}, {"model": "movies.actor", "pk": 25, "fields": {"name": "Joseph Gordon-Levitt"}}, {"model": "movies.actor", "pk": 26, "fields": {"name": "Ellen Page"}}, {"model": "movies.actor", "pk": 27, "fields": {"name": "Tom Hardy"}}, {"model": "movies.actor", "pk": 28, "fields": {"name": "Tom Hanks"}}, {"model": "movies.actor", "pk": 29, "fields": {"name": "Rebecca Williams"}}, {"model": "movies.actor", "pk": 30, "fields": {"name": "Sally Field"}}, {"model": "movies.actor", "pk": 31, "fields": {"name": "Michael Conner Humphreys"}}, {"model": "auth.permission", "pk": 1, "fields": {"content_type": 1, "codename": "add_logentry", "name": "Can add log entry"}}, {"model": "auth.permission", "pk": 2, "fields": {"content_type": 1, "codename": "change_logentry", "name": "Can change log entry"}}, {"model": "auth.permission", "pk": 3, "fields": {"content_type": 1, "codename": "delete_logentry", "name": "Can delete log entry"}}, {"model": "auth.permission", "pk": 4, "fields": {"content_type": 2, "codename": "add_permission", "name": "Can add permission"}}, {"model": "auth.permission", "pk": 5, "fields": {"content_type": 2, "codename": "change_permission", "name": "Can change permission"}}, {"model": "auth.permission", "pk": 6, "fields": {"content_type": 2, "codename": "delete_permission", "name": "Can delete permission"}}, {"model": "auth.permission", "pk": 7, "fields": {"content_type": 3, "codename": "add_group", "name": "Can add group"}}, {"model": "auth.permission", "pk": 8, "fields": {"content_type": 3, "codename": "change_group", "name": "Can change group"}}, {"model": "auth.permission", "pk": 9, "fields": {"content_type": 3, "codename": "delete_group", "name": "Can delete group"}}, {"model": "auth.permission", "pk": 10, "fields": {"content_type": 4, "codename": "add_user", "name": "Can add user"}}, {"model": "auth.permission", "pk": 11, "fields": {"content_type": 4, "codename": "change_user", "name": "Can change user"}}, {"model": "auth.permission", "pk": 12, "fields": {"content_type": 4, "codename": "delete_user", "name": "Can delete user"}}, {"model": "auth.permission", "pk": 13, "fields": {"content_type": 5, "codename": "add_contenttype", "name": "Can add content type"}}, {"model": "auth.permission", "pk": 14, "fields": {"content_type": 5, "codename": "change_contenttype", "name": "Can change content type"}}, {"model": "auth.permission", "pk": 15, "fields": {"content_type": 5, "codename": "delete_contenttype", "name": "Can delete content type"}}, {"model": "auth.permission", "pk": 16, "fields": {"content_type": 6, "codename": "add_session", "name": "Can add session"}}, {"model": "auth.permission", "pk": 17, "fields": {"content_type": 6, "codename": "change_session", "name": "Can change session"}}, {"model": "auth.permission", "pk": 18, "fields": {"content_type": 6, "codename": "delete_session", "name": "Can delete session"}}, {"model": "auth.permission", "pk": 19, "fields": {"content_type": 7, "codename": "add_director", "name": "Can add director"}}, {"model": "auth.permission", "pk": 20, "fields": {"content_type": 7, "codename": "change_director", "name": "Can change director"}}, {"model": "auth.permission", "pk": 21, "fields": {"content_type": 7, "codename": "delete_director", "name": "Can delete director"}}, {"model": "auth.permission", "pk": 22, "fields": {"content_type": 8, "codename": "add_writer", "name": "Can add writer"}}, {"model": "auth.permission", "pk": 23, "fields": {"content_type": 8, "codename": "change_writer", "name": "Can change writer"}}, {"model": "auth.permission", "pk": 24, "fields": {"content_type": 8, "codename": "delete_writer", "name": "Can delete writer"}}, {"model": "auth.permission", "pk": 25, "fields": {"content_type": 9, "codename": "add_actor", "name": "Can add actor"}}, {"model": "auth.permission", "pk": 26, "fields": {"content_type": 9, "codename": "change_actor", "name": "Can change actor"}}, {"model": "auth.permission", "pk": 27, "fields": {"content_type": 9, "codename": "delete_actor", "name": "Can delete actor"}}, {"model": "auth.permission", "pk": 28, "fields": {"content_type": 10, "codename": "add_movie", "name": "Can add movie"}}, {"model": "auth.permission", "pk": 29, "fields": {"content_type": 10, "codename": "change_movie", "name": "Can change movie"}}, {"model": "auth.permission", "pk": 30, "fields": {"content_type": 10, "codename": "delete_movie", "name": "Can delete movie"}}, {"model": "auth.user", "pk": 1, "fields": {"is_superuser": false, "is_staff": false, "is_active": true, "last_login": "2015-07-31T14:20:18.702Z", "password": "pbkdf2_sha256$20000$Y53hw2blsB9X$plIu869MifeS/Zl22Z7jZkQmsZgMDQe0qQ7WqdDYF04=", "user_permissions": [], "groups": [], "username": "nick", "email": "", "first_name": "", "date_joined": "2015-07-31T14:20:15.805Z", "last_name": ""}}, {"model": "movies.movie", "pk": 1, "fields": {"users": [1], "actors": [1, 2, 3, 4], "director": 1, "imdbId": "tt0241527", "writer": 1, "rated": 2, "poster": "http://ia.media-imdb.com/images/M/MV5BMTYwNTM5NDkzNV5BMl5BanBnXkFtZTYwODQ4MzY5._V1_SX300.jpg", "name": "Harry Potter and the Sorcerer's Stone", "year": 2001}}, {"model": "movies.movie", "pk": 2, "fields": {"users": [1], "actors": [5, 6, 7, 8], "director": 1, "imdbId": "tt0295297", "writer": 1, "rated": 2, "poster": "http://ia.media-imdb.com/images/M/MV5BMTcxODgwMDkxNV5BMl5BanBnXkFtZTYwMDk2MDg3._V1_SX300.jpg", "name": "Harry Potter and the Chamber of Secrets", "year": 2002}}, {"model": "movies.movie", "pk": 3, "fields": {"users": [1], "actors": [5, 8, 9, 10], "director": 2, "imdbId": "tt0304141", "writer": 1, "rated": 2, "poster": "http://ia.media-imdb.com/images/M/MV5BMTY4NTIwODg0N15BMl5BanBnXkFtZTcwOTc0MjEzMw@@._V1_SX300.jpg", "name": "Harry Potter and the Prisoner of Azkaban", "year": 2004}}, {"model": "movies.movie", "pk": 4, "fields": {"users": [1], "actors": [5, 11, 12, 13], "director": 3, "imdbId": "tt0330373", "writer": 2, "rated": 3, "poster": "http://ia.media-imdb.com/images/M/MV5BMTI1NDMyMjExOF5BMl5BanBnXkFtZTcwOTc4MjQzMQ@@._V1_SX300.jpg", "name": "Harry Potter and the Goblet of Fire", "year": 2005}}, {"model": "movies.movie", "pk": 5, "fields": {"users": [1], "actors": [5, 14, 15, 16], "director": 4, "imdbId": "tt0373889", "writer": 3, "rated": 3, "poster": "http://ia.media-imdb.com/images/M/MV5BMTM0NTczMTUzOV5BMl5BanBnXkFtZTYwMzIxNTg3._V1_SX300.jpg", "name": "Harry Potter and the Order of the Phoenix", "year": 2007}}, {"model": "movies.movie", "pk": 6, "fields": {"users": [], "actors": [17], "director": 5, "imdbId": "tt3969928", "writer": 4, "rated": 4, "poster": "N/A", "name": "Big Movie Premiere: Harry Potter and the Half Blood Prince", "year": 2009}}, {"model": "movies.movie", "pk": 7, "fields": {"users": [1], "actors": [5, 18, 19, 20], "director": 4, "imdbId": "tt0417741", "writer": 2, "rated": 2, "poster": "http://ia.media-imdb.com/images/M/MV5BNzU3NDg4NTAyNV5BMl5BanBnXkFtZTcwOTg2ODg1Mg@@._V1_SX300.jpg", "name": "Harry Potter and the Half-Blood Prince", "year": 2009}}, {"model": "movies.movie", "pk": 8, "fields": {"users": [1], "actors": [5, 18, 21, 22], "director": 4, "imdbId": "tt1201607", "writer": 2, "rated": 3, "poster": "http://ia.media-imdb.com/images/M/MV5BMTY2MTk3MDQ1N15BMl5BanBnXkFtZTcwMzI4NzA2NQ@@._V1_SX300.jpg", "name": "Harry Potter and the Deathly Hallows: Part 2", "year": 2011}}, {"model": "movies.movie", "pk": 9, "fields": {"users": [1], "actors": [7, 8, 14, 23], "director": 4, "imdbId": "tt0926084", "writer": 2, "rated": 3, "poster": "http://ia.media-imdb.com/images/M/MV5BMTQ2OTE1Mjk0N15BMl5BanBnXkFtZTcwODE3MDAwNA@@._V1_SX300.jpg", "name": "Harry Potter and the Deathly Hallows: Part 1", "year": 2010}}, {"model": "movies.movie", "pk": 10, "fields": {"users": [1], "actors": [24, 25, 26, 27], "director": 6, "imdbId": "tt1375666", "writer": 5, "rated": 3, "poster": "http://ia.media-imdb.com/images/M/MV5BMjAxMzY3NjcxNF5BMl5BanBnXkFtZTcwNTI5OTM0Mw@@._V1_SX300.jpg", "name": "Inception", "year": 2010}}, {"model": "movies.movie", "pk": 11, "fields": {"users": [1], "actors": [28, 29, 30, 31], "director": 7, "imdbId": "tt0109830", "writer": 6, "rated": 3, "poster": "http://ia.media-imdb.com/images/M/MV5BMTQwMTA5MzI1MF5BMl5BanBnXkFtZTcwMzY5Mzg3OA@@._V1_SX300.jpg", "name": "Forrest Gump", "year": 1994}}]