[{"model": "contenttypes.contenttype", "pk": 1, "fields": {"model": "logentry", "app_label": "admin"}}, {"model": "contenttypes.contenttype", "pk": 2, "fields": {"model": "permission", "app_label": "auth"}}, {"model": "contenttypes.contenttype", "pk": 3, "fields": {"model": "group", "app_label": "auth"}}, {"model": "contenttypes.contenttype", "pk": 4, "fields": {"model": "user", "app_label": "auth"}}, {"model": "contenttypes.contenttype", "pk": 5, "fields": {"model": "contenttype", "app_label": "contenttypes"}}, {"model": "contenttypes.contenttype", "pk": 6, "fields": {"model": "session", "app_label": "sessions"}}, {"model": "contenttypes.contenttype", "pk": 7, "fields": {"model": "director", "app_label": "movies"}}, {"model": "contenttypes.contenttype", "pk": 8, "fields": {"model": "writer", "app_label": "movies"}}, {"model": "contenttypes.contenttype", "pk": 9, "fields": {"model": "actor", "app_label": "movies"}}, {"model": "contenttypes.contenttype", "pk": 10, "fields": {"model": "movie", "app_label": "movies"}}, {"model": "contenttypes.contenttype", "pk": 11, "fields": {"model": "user", "app_label": "movies"}}, {"model": "sessions.session", "pk": "68fyxrcj8xle5f624whpkezifcx27z2i", "fields": {"expire_date": "2015-07-22T18:13:14.518Z", "session_data": "MWQxMmY1MmVlZTQ2MzE5N2YxNjBjODE4YjgzZTgyNmU4MmY0ZDY1OTp7Il9hdXRoX3VzZXJfaGFzaCI6IjJlYWRmNmQxMzkxYzAwZTQzYmVkODNiOTU2YmM2MmMzMmI2OTk0MzYiLCJfYXV0aF91c2VyX2lkIjoiMSIsIl9hdXRoX3VzZXJfYmFja2VuZCI6ImRqYW5nby5jb250cmliLmF1dGguYmFja2VuZHMuTW9kZWxCYWNrZW5kIn0="}}, {"model": "movies.director", "pk": 1, "fields": {"name": "Quentin Tarantino"}}, {"model": "movies.director", "pk": 2, "fields": {"name": "Terry Gilliam"}}, {"model": "movies.director", "pk": 3, "fields": {"name": "Andrew Stanton"}}, {"model": "movies.director", "pk": 4, "fields": {"name": "Dean DeBlois"}}, {"model": "movies.director", "pk": 5, "fields": {"name": "Frank Darabont"}}, {"model": "movies.director", "pk": 6, "fields": {"name": "Francis Ford Coppola"}}, {"model": "movies.director", "pk": 7, "fields": {"name": "Christopher Nolan"}}, {"model": "movies.director", "pk": 8, "fields": {"name": "Steven Spielberg"}}, {"model": "movies.director", "pk": 9, "fields": {"name": "Sidney Lumet"}}, {"model": "movies.director", "pk": 10, "fields": {"name": "Peter Jackson"}}, {"model": "movies.writer", "pk": 1, "fields": {"name": "Quentin Tarantino"}}, {"model": "movies.writer", "pk": 2, "fields": {"name": "Graham Chapman"}}, {"model": "movies.writer", "pk": 3, "fields": {"name": "Andrew Stanton"}}, {"model": "movies.writer", "pk": 4, "fields": {"name": "Dean DeBlois"}}, {"model": "movies.writer", "pk": 5, "fields": {"name": "Stephen King"}}, {"model": "movies.writer", "pk": 6, "fields": {"name": "Mario Puzo"}}, {"model": "movies.writer", "pk": 7, "fields": {"name": "Francis Ford Coppola"}}, {"model": "movies.writer", "pk": 8, "fields": {"name": "Jonathan Nolan"}}, {"model": "movies.writer", "pk": 9, "fields": {"name": "Thomas Keneally"}}, {"model": "movies.writer", "pk": 10, "fields": {"name": "Reginald Rose"}}, {"model": "movies.writer", "pk": 11, "fields": {"name": "J.R.R. Tolkien"}}, {"model": "movies.actor", "pk": 1, "fields": {"name": "Jamie Foxx"}}, {"model": "movies.actor", "pk": 2, "fields": {"name": "Christoph Waltz"}}, {"model": "movies.actor", "pk": 3, "fields": {"name": "Leonardo DiCaprio"}}, {"model": "movies.actor", "pk": 4, "fields": {"name": "Graham Chapman"}}, {"model": "movies.actor", "pk": 5, "fields": {"name": "John Cleese"}}, {"model": "movies.actor", "pk": 6, "fields": {"name": "Eric Idle"}}, {"model": "movies.actor", "pk": 7, "fields": {"name": "Albert Brooks"}}, {"model": "movies.actor", "pk": 8, "fields": {"name": "Ellen DeGeneres"}}, {"model": "movies.actor", "pk": 9, "fields": {"name": "Alexander Gould"}}, {"model": "movies.actor", "pk": 10, "fields": {"name": "Jay Baruchel"}}, {"model": "movies.actor", "pk": 11, "fields": {"name": "Cate Blanchett"}}, {"model": "movies.actor", "pk": 12, "fields": {"name": "Gerard Butler"}}, {"model": "movies.actor", "pk": 13, "fields": {"name": "Tim Robbins"}}, {"model": "movies.actor", "pk": 14, "fields": {"name": "Morgan Freeman"}}, {"model": "movies.actor", "pk": 15, "fields": {"name": "Bob Gunton"}}, {"model": "movies.actor", "pk": 16, "fields": {"name": "Marlon Brando"}}, {"model": "movies.actor", "pk": 17, "fields": {"name": "Al Pacino"}}, {"model": "movies.actor", "pk": 18, "fields": {"name": "James Caan"}}, {"model": "movies.actor", "pk": 19, "fields": {"name": "Robert De Niro"}}, {"model": "movies.actor", "pk": 20, "fields": {"name": "Robert Duvall"}}, {"model": "movies.actor", "pk": 21, "fields": {"name": "Christian Bale"}}, {"model": "movies.actor", "pk": 22, "fields": {"name": "Heath Ledger"}}, {"model": "movies.actor", "pk": 23, "fields": {"name": "Aaron Eckhart"}}, {"model": "movies.actor", "pk": 24, "fields": {"name": "John Travolta"}}, {"model": "movies.actor", "pk": 25, "fields": {"name": "Uma Thurman"}}, {"model": "movies.actor", "pk": 26, "fields": {"name": "Samuel L. Jackson"}}, {"model": "movies.actor", "pk": 27, "fields": {"name": "Liam Neeson"}}, {"model": "movies.actor", "pk": 28, "fields": {"name": "Ralph Fiennes"}}, {"model": "movies.actor", "pk": 29, "fields": {"name": "Ben Kingsley"}}, {"model": "movies.actor", "pk": 30, "fields": {"name": "Henry Fonda"}}, {"model": "movies.actor", "pk": 31, "fields": {"name": "Lee J. Cobb"}}, {"model": "movies.actor", "pk": 32, "fields": {"name": "Martin Balsam"}}, {"model": "movies.actor", "pk": 33, "fields": {"name": "Elijah Wood"}}, {"model": "movies.actor", "pk": 34, "fields": {"name": "Viggo Mortensen"}}, {"model": "movies.actor", "pk": 35, "fields": {"name": "Ian McKellen"}}, {"model": "movies.movie", "pk": 1, "fields": {"rated": 4, "thumbnail": "movie_thumbnails/small_django.jpg", "writer": 1, "name": "Django Unchained", "year": 2012, "director": 1, "actors": [1, 2, 3]}}, {"model": "movies.movie", "pk": 2, "fields": {"rated": 2, "thumbnail": "movie_thumbnails/monty_python.jpg", "writer": 2, "name": "Monty Python and the Holy Grail", "year": 1975, "director": 2, "actors": [4, 5, 6]}}, {"model": "movies.movie", "pk": 3, "fields": {"rated": 1, "thumbnail": "movie_thumbnails/nemo.jpg", "writer": 3, "name": "Finding Nemo", "year": 2003, "director": 3, "actors": [7, 8, 9]}}, {"model": "movies.movie", "pk": 4, "fields": {"rated": 2, "thumbnail": "movie_thumbnails/dragon2.jpg", "writer": 4, "name": "How to Train Your Dragon 2", "year": 2014, "director": 4, "actors": [10, 11, 12]}}, {"model": "movies.movie", "pk": 5, "fields": {"rated": 4, "thumbnail": "movie_thumbnails/shawshank.jpg", "writer": 5, "name": "The Shawshank Redemption", "year": 1994, "director": 5, "actors": [13, 14, 15]}}, {"model": "movies.movie", "pk": 6, "fields": {"rated": 4, "thumbnail": "movie_thumbnails/godfather.jpg", "writer": 6, "name": "The Godfather", "year": 1972, "director": 6, "actors": [16, 17, 18]}}, {"model": "movies.movie", "pk": 7, "fields": {"rated": 4, "thumbnail": "movie_thumbnails/godfather2.jpg", "writer": 7, "name": "The Godfather: Part II", "year": 1974, "director": 6, "actors": [17, 19, 20]}}, {"model": "movies.movie", "pk": 8, "fields": {"rated": 3, "thumbnail": "movie_thumbnails/darkknight.jpg", "writer": 8, "name": "The Dark Knight", "year": 2008, "director": 7, "actors": [21, 22, 23]}}, {"model": "movies.movie", "pk": 9, "fields": {"rated": 4, "thumbnail": "movie_thumbnails/pulpfiction.jpg", "writer": 1, "name": "Pulp Fiction", "year": 1994, "director": 1, "actors": [24, 25, 26]}}, {"model": "movies.movie", "pk": 10, "fields": {"rated": 4, "thumbnail": "movie_thumbnails/schindlers.jpg", "writer": 9, "name": "Schindler's List", "year": 1993, "director": 8, "actors": [27, 28, 29]}}, {"model": "movies.movie", "pk": 11, "fields": {"rated": 3, "thumbnail": "movie_thumbnails/12angry.jpg", "writer": 10, "name": "12 Angry Men", "year": 1957, "director": 9, "actors": [30, 31, 32]}}, {"model": "movies.movie", "pk": 12, "fields": {"rated": 3, "thumbnail": "movie_thumbnails/lotrrotk.jpg", "writer": 11, "name": "The Lord of the Rings: The Return of the King", "year": 2003, "director": 10, "actors": [33, 34, 35]}}, {"model": "auth.permission", "pk": 1, "fields": {"name": "Can add log entry", "content_type": 1, "codename": "add_logentry"}}, {"model": "auth.permission", "pk": 2, "fields": {"name": "Can change log entry", "content_type": 1, "codename": "change_logentry"}}, {"model": "auth.permission", "pk": 3, "fields": {"name": "Can delete log entry", "content_type": 1, "codename": "delete_logentry"}}, {"model": "auth.permission", "pk": 4, "fields": {"name": "Can add permission", "content_type": 2, "codename": "add_permission"}}, {"model": "auth.permission", "pk": 5, "fields": {"name": "Can change permission", "content_type": 2, "codename": "change_permission"}}, {"model": "auth.permission", "pk": 6, "fields": {"name": "Can delete permission", "content_type": 2, "codename": "delete_permission"}}, {"model": "auth.permission", "pk": 7, "fields": {"name": "Can add group", "content_type": 3, "codename": "add_group"}}, {"model": "auth.permission", "pk": 8, "fields": {"name": "Can change group", "content_type": 3, "codename": "change_group"}}, {"model": "auth.permission", "pk": 9, "fields": {"name": "Can delete group", "content_type": 3, "codename": "delete_group"}}, {"model": "auth.permission", "pk": 10, "fields": {"name": "Can add user", "content_type": 4, "codename": "add_user"}}, {"model": "auth.permission", "pk": 11, "fields": {"name": "Can change user", "content_type": 4, "codename": "change_user"}}, {"model": "auth.permission", "pk": 12, "fields": {"name": "Can delete user", "content_type": 4, "codename": "delete_user"}}, {"model": "auth.permission", "pk": 13, "fields": {"name": "Can add content type", "content_type": 5, "codename": "add_contenttype"}}, {"model": "auth.permission", "pk": 14, "fields": {"name": "Can change content type", "content_type": 5, "codename": "change_contenttype"}}, {"model": "auth.permission", "pk": 15, "fields": {"name": "Can delete content type", "content_type": 5, "codename": "delete_contenttype"}}, {"model": "auth.permission", "pk": 16, "fields": {"name": "Can add session", "content_type": 6, "codename": "add_session"}}, {"model": "auth.permission", "pk": 17, "fields": {"name": "Can change session", "content_type": 6, "codename": "change_session"}}, {"model": "auth.permission", "pk": 18, "fields": {"name": "Can delete session", "content_type": 6, "codename": "delete_session"}}, {"model": "auth.permission", "pk": 19, "fields": {"name": "Can add director", "content_type": 7, "codename": "add_director"}}, {"model": "auth.permission", "pk": 20, "fields": {"name": "Can change director", "content_type": 7, "codename": "change_director"}}, {"model": "auth.permission", "pk": 21, "fields": {"name": "Can delete director", "content_type": 7, "codename": "delete_director"}}, {"model": "auth.permission", "pk": 22, "fields": {"name": "Can add writer", "content_type": 8, "codename": "add_writer"}}, {"model": "auth.permission", "pk": 23, "fields": {"name": "Can change writer", "content_type": 8, "codename": "change_writer"}}, {"model": "auth.permission", "pk": 24, "fields": {"name": "Can delete writer", "content_type": 8, "codename": "delete_writer"}}, {"model": "auth.permission", "pk": 25, "fields": {"name": "Can add actor", "content_type": 9, "codename": "add_actor"}}, {"model": "auth.permission", "pk": 26, "fields": {"name": "Can change actor", "content_type": 9, "codename": "change_actor"}}, {"model": "auth.permission", "pk": 27, "fields": {"name": "Can delete actor", "content_type": 9, "codename": "delete_actor"}}, {"model": "auth.permission", "pk": 28, "fields": {"name": "Can add movie", "content_type": 10, "codename": "add_movie"}}, {"model": "auth.permission", "pk": 29, "fields": {"name": "Can change movie", "content_type": 10, "codename": "change_movie"}}, {"model": "auth.permission", "pk": 30, "fields": {"name": "Can delete movie", "content_type": 10, "codename": "delete_movie"}}, {"model": "auth.permission", "pk": 31, "fields": {"name": "Can add user", "content_type": 11, "codename": "add_user"}}, {"model": "auth.permission", "pk": 32, "fields": {"name": "Can change user", "content_type": 11, "codename": "change_user"}}, {"model": "auth.permission", "pk": 33, "fields": {"name": "Can delete user", "content_type": 11, "codename": "delete_user"}}, {"model": "auth.user", "pk": 1, "fields": {"email": "", "is_staff": true, "last_name": "", "is_active": true, "password": "pbkdf2_sha256$20000$J0CAuGG78au1$oX4ibQXlXjpDbLRJ74YFqMMRLlRWrIciJaOuu3b/IuE=", "username": "super", "groups": [], "is_superuser": true, "last_login": "2015-07-08T18:13:14.508Z", "user_permissions": [], "first_name": "", "date_joined": "2015-07-08T18:13:07.665Z"}}, {"model": "auth.user", "pk": 2, "fields": {"email": "super@user.com", "is_staff": false, "last_name": "", "is_active": true, "password": "password", "username": "superuser", "groups": [], "is_superuser": false, "last_login": null, "user_permissions": [], "first_name": "", "date_joined": "2015-07-09T18:24:27.612Z"}}, {"model": "movies.user", "pk": 2, "fields": {"user_permissions": [], "groups": []}}, {"model": "admin.logentry", "pk": 1, "fields": {"user": 1, "action_time": "2015-07-08T18:13:24.141Z", "object_id": "1", "action_flag": 1, "object_repr": "Jamie Foxx", "change_message": "", "content_type": 9}}, {"model": "admin.logentry", "pk": 2, "fields": {"user": 1, "action_time": "2015-07-08T18:13:31.573Z", "object_id": "2", "action_flag": 1, "object_repr": "Christopher Waltz", "change_message": "", "content_type": 9}}, {"model": "admin.logentry", "pk": 3, "fields": {"user": 1, "action_time": "2015-07-08T18:13:40.858Z", "object_id": "3", "action_flag": 1, "object_repr": "Leonardo DiCaprio", "change_message": "", "content_type": 9}}, {"model": "admin.logentry", "pk": 4, "fields": {"user": 1, "action_time": "2015-07-08T18:14:16.008Z", "object_id": "1", "action_flag": 1, "object_repr": "Quentin Tarantino", "change_message": "", "content_type": 7}}, {"model": "admin.logentry", "pk": 5, "fields": {"user": 1, "action_time": "2015-07-08T18:14:33.846Z", "object_id": "1", "action_flag": 1, "object_repr": "Quentin Tarantino", "change_message": "", "content_type": 8}}, {"model": "admin.logentry", "pk": 6, "fields": {"user": 1, "action_time": "2015-07-08T18:15:17.743Z", "object_id": "1", "action_flag": 1, "object_repr": "Django Unchained", "change_message": "", "content_type": 10}}, {"model": "admin.logentry", "pk": 7, "fields": {"user": 1, "action_time": "2015-07-08T18:16:25.722Z", "object_id": "2", "action_flag": 2, "object_repr": "Christoph Waltz", "change_message": "Changed name.", "content_type": 9}}, {"model": "admin.logentry", "pk": 8, "fields": {"user": 1, "action_time": "2015-07-10T17:17:03.218Z", "object_id": "3", "action_flag": 3, "object_repr": "bob", "change_message": "", "content_type": 11}}, {"model": "admin.logentry", "pk": 9, "fields": {"user": 1, "action_time": "2015-07-10T18:39:19.901Z", "object_id": "2", "action_flag": 1, "object_repr": "Terry Gilliam", "change_message": "", "content_type": 7}}, {"model": "admin.logentry", "pk": 10, "fields": {"user": 1, "action_time": "2015-07-10T18:39:37.037Z", "object_id": "2", "action_flag": 1, "object_repr": "Graham Chapman", "change_message": "", "content_type": 8}}, {"model": "admin.logentry", "pk": 11, "fields": {"user": 1, "action_time": "2015-07-10T18:39:57.096Z", "object_id": "4", "action_flag": 1, "object_repr": "Graham Chapman", "change_message": "", "content_type": 9}}, {"model": "admin.logentry", "pk": 12, "fields": {"user": 1, "action_time": "2015-07-10T18:40:04.883Z", "object_id": "5", "action_flag": 1, "object_repr": "John Cleese", "change_message": "", "content_type": 9}}, {"model": "admin.logentry", "pk": 13, "fields": {"user": 1, "action_time": "2015-07-10T18:40:15.409Z", "object_id": "6", "action_flag": 1, "object_repr": "Eric Idle", "change_message": "", "content_type": 9}}, {"model": "admin.logentry", "pk": 14, "fields": {"user": 1, "action_time": "2015-07-10T18:41:59.645Z", "object_id": "2", "action_flag": 1, "object_repr": "Monty Python and the Holy Grail (1975)", "change_message": "", "content_type": 10}}, {"model": "admin.logentry", "pk": 15, "fields": {"user": 1, "action_time": "2015-07-10T18:50:10.171Z", "object_id": "3", "action_flag": 1, "object_repr": "Andrew Stanton", "change_message": "", "content_type": 7}}, {"model": "admin.logentry", "pk": 16, "fields": {"user": 1, "action_time": "2015-07-10T18:50:22.444Z", "object_id": "3", "action_flag": 1, "object_repr": "Andrew Stanton", "change_message": "", "content_type": 8}}, {"model": "admin.logentry", "pk": 17, "fields": {"user": 1, "action_time": "2015-07-10T18:50:38.757Z", "object_id": "7", "action_flag": 1, "object_repr": "Albert Brooks", "change_message": "", "content_type": 9}}, {"model": "admin.logentry", "pk": 18, "fields": {"user": 1, "action_time": "2015-07-10T18:50:46.990Z", "object_id": "8", "action_flag": 1, "object_repr": "Ellen DeGeneres", "change_message": "", "content_type": 9}}, {"model": "admin.logentry", "pk": 19, "fields": {"user": 1, "action_time": "2015-07-10T18:50:59.913Z", "object_id": "9", "action_flag": 1, "object_repr": "Alexander Gould", "change_message": "", "content_type": 9}}, {"model": "admin.logentry", "pk": 20, "fields": {"user": 1, "action_time": "2015-07-10T18:51:14.161Z", "object_id": "3", "action_flag": 1, "object_repr": "Finding Nemo (2003)", "change_message": "", "content_type": 10}}, {"model": "admin.logentry", "pk": 21, "fields": {"user": 1, "action_time": "2015-07-10T18:53:05.987Z", "object_id": "4", "action_flag": 1, "object_repr": "Dean DeBlois", "change_message": "", "content_type": 7}}, {"model": "admin.logentry", "pk": 22, "fields": {"user": 1, "action_time": "2015-07-10T18:53:11.910Z", "object_id": "4", "action_flag": 1, "object_repr": "Dean DeBlois", "change_message": "", "content_type": 8}}, {"model": "admin.logentry", "pk": 23, "fields": {"user": 1, "action_time": "2015-07-10T18:53:32.674Z", "object_id": "10", "action_flag": 1, "object_repr": "Jay Baruchel", "change_message": "", "content_type": 9}}, {"model": "admin.logentry", "pk": 24, "fields": {"user": 1, "action_time": "2015-07-10T18:53:46.758Z", "object_id": "11", "action_flag": 1, "object_repr": "Cate Blanchett", "change_message": "", "content_type": 9}}, {"model": "admin.logentry", "pk": 25, "fields": {"user": 1, "action_time": "2015-07-10T18:53:50.649Z", "object_id": "12", "action_flag": 1, "object_repr": "Gerard Butler", "change_message": "", "content_type": 9}}, {"model": "admin.logentry", "pk": 26, "fields": {"user": 1, "action_time": "2015-07-10T18:53:54.802Z", "object_id": "4", "action_flag": 1, "object_repr": "How to Train Your Dragon 2 (2014)", "change_message": "", "content_type": 10}}, {"model": "admin.logentry", "pk": 27, "fields": {"user": 1, "action_time": "2015-07-13T17:09:46.972Z", "object_id": "5", "action_flag": 1, "object_repr": "Frank Darabont", "change_message": "", "content_type": 7}}, {"model": "admin.logentry", "pk": 28, "fields": {"user": 1, "action_time": "2015-07-13T17:09:59.390Z", "object_id": "5", "action_flag": 1, "object_repr": "Stephen King", "change_message": "", "content_type": 8}}, {"model": "admin.logentry", "pk": 29, "fields": {"user": 1, "action_time": "2015-07-13T17:10:18.975Z", "object_id": "13", "action_flag": 1, "object_repr": "Tim Robbins", "change_message": "", "content_type": 9}}, {"model": "admin.logentry", "pk": 30, "fields": {"user": 1, "action_time": "2015-07-13T17:10:27.781Z", "object_id": "14", "action_flag": 1, "object_repr": "Morgan Freeman", "change_message": "", "content_type": 9}}, {"model": "admin.logentry", "pk": 31, "fields": {"user": 1, "action_time": "2015-07-13T17:10:46.163Z", "object_id": "15", "action_flag": 1, "object_repr": "Bob Gunton", "change_message": "", "content_type": 9}}, {"model": "admin.logentry", "pk": 32, "fields": {"user": 1, "action_time": "2015-07-13T17:10:53.863Z", "object_id": "5", "action_flag": 1, "object_repr": "The Shawshank Redemption (1994)", "change_message": "", "content_type": 10}}, {"model": "admin.logentry", "pk": 33, "fields": {"user": 1, "action_time": "2015-07-13T17:11:20.548Z", "object_id": "6", "action_flag": 1, "object_repr": "Francis Ford Coppola", "change_message": "", "content_type": 7}}, {"model": "admin.logentry", "pk": 34, "fields": {"user": 1, "action_time": "2015-07-13T17:11:43.296Z", "object_id": "6", "action_flag": 1, "object_repr": "Mario Puzo", "change_message": "", "content_type": 8}}, {"model": "admin.logentry", "pk": 35, "fields": {"user": 1, "action_time": "2015-07-13T17:11:57.201Z", "object_id": "16", "action_flag": 1, "object_repr": "Marlon Brando", "change_message": "", "content_type": 9}}, {"model": "admin.logentry", "pk": 36, "fields": {"user": 1, "action_time": "2015-07-13T17:12:04.424Z", "object_id": "17", "action_flag": 1, "object_repr": "Al Pacino", "change_message": "", "content_type": 9}}, {"model": "admin.logentry", "pk": 37, "fields": {"user": 1, "action_time": "2015-07-13T17:12:11.308Z", "object_id": "18", "action_flag": 1, "object_repr": "James Caan", "change_message": "", "content_type": 9}}, {"model": "admin.logentry", "pk": 38, "fields": {"user": 1, "action_time": "2015-07-13T17:12:14.883Z", "object_id": "6", "action_flag": 1, "object_repr": "The Godfather (1972)", "change_message": "", "content_type": 10}}, {"model": "admin.logentry", "pk": 39, "fields": {"user": 1, "action_time": "2015-07-13T17:12:49.460Z", "object_id": "7", "action_flag": 1, "object_repr": "Francis Ford Coppola", "change_message": "", "content_type": 8}}, {"model": "admin.logentry", "pk": 40, "fields": {"user": 1, "action_time": "2015-07-13T17:13:11.880Z", "object_id": "19", "action_flag": 1, "object_repr": "Robert De Niro", "change_message": "", "content_type": 9}}, {"model": "admin.logentry", "pk": 41, "fields": {"user": 1, "action_time": "2015-07-13T17:13:18.537Z", "object_id": "20", "action_flag": 1, "object_repr": "Robert Duvall", "change_message": "", "content_type": 9}}, {"model": "admin.logentry", "pk": 42, "fields": {"user": 1, "action_time": "2015-07-13T17:13:23.387Z", "object_id": "7", "action_flag": 1, "object_repr": "The Godfather: Part II (1974)", "change_message": "", "content_type": 10}}, {"model": "admin.logentry", "pk": 43, "fields": {"user": 1, "action_time": "2015-07-13T17:14:15.151Z", "object_id": "7", "action_flag": 1, "object_repr": "Christopher Nolan", "change_message": "", "content_type": 7}}, {"model": "admin.logentry", "pk": 44, "fields": {"user": 1, "action_time": "2015-07-13T17:14:19.572Z", "object_id": "8", "action_flag": 1, "object_repr": "Jonathan Nolan", "change_message": "", "content_type": 8}}, {"model": "admin.logentry", "pk": 45, "fields": {"user": 1, "action_time": "2015-07-13T17:14:55.851Z", "object_id": "21", "action_flag": 1, "object_repr": "Christian Bale", "change_message": "", "content_type": 9}}, {"model": "admin.logentry", "pk": 46, "fields": {"user": 1, "action_time": "2015-07-13T17:15:08.075Z", "object_id": "22", "action_flag": 1, "object_repr": "Heath Ledger", "change_message": "", "content_type": 9}}, {"model": "admin.logentry", "pk": 47, "fields": {"user": 1, "action_time": "2015-07-13T17:15:12.692Z", "object_id": "23", "action_flag": 1, "object_repr": "Aaron Eckhart", "change_message": "", "content_type": 9}}, {"model": "admin.logentry", "pk": 48, "fields": {"user": 1, "action_time": "2015-07-13T17:15:15.348Z", "object_id": "8", "action_flag": 1, "object_repr": "The Dark Knight (2008)", "change_message": "", "content_type": 10}}, {"model": "admin.logentry", "pk": 49, "fields": {"user": 1, "action_time": "2015-07-13T17:16:30.397Z", "object_id": "24", "action_flag": 1, "object_repr": "John Travolta", "change_message": "", "content_type": 9}}, {"model": "admin.logentry", "pk": 50, "fields": {"user": 1, "action_time": "2015-07-13T17:16:37.311Z", "object_id": "25", "action_flag": 1, "object_repr": "Uma Thurman", "change_message": "", "content_type": 9}}, {"model": "admin.logentry", "pk": 51, "fields": {"user": 1, "action_time": "2015-07-13T17:16:42.804Z", "object_id": "26", "action_flag": 1, "object_repr": "Samuel L. Jackson", "change_message": "", "content_type": 9}}, {"model": "admin.logentry", "pk": 52, "fields": {"user": 1, "action_time": "2015-07-13T17:16:47.302Z", "object_id": "9", "action_flag": 1, "object_repr": "Pulp Fiction (1994)", "change_message": "", "content_type": 10}}, {"model": "admin.logentry", "pk": 53, "fields": {"user": 1, "action_time": "2015-07-13T17:17:16.278Z", "object_id": "8", "action_flag": 1, "object_repr": "Steven Spielberg", "change_message": "", "content_type": 7}}, {"model": "admin.logentry", "pk": 54, "fields": {"user": 1, "action_time": "2015-07-13T17:17:34.788Z", "object_id": "9", "action_flag": 1, "object_repr": "Thomas Keneally", "change_message": "", "content_type": 8}}, {"model": "admin.logentry", "pk": 55, "fields": {"user": 1, "action_time": "2015-07-13T17:17:51.666Z", "object_id": "27", "action_flag": 1, "object_repr": "Liam Neeson", "change_message": "", "content_type": 9}}, {"model": "admin.logentry", "pk": 56, "fields": {"user": 1, "action_time": "2015-07-13T17:17:59.856Z", "object_id": "28", "action_flag": 1, "object_repr": "Ralph Fiennes", "change_message": "", "content_type": 9}}, {"model": "admin.logentry", "pk": 57, "fields": {"user": 1, "action_time": "2015-07-13T17:18:07.741Z", "object_id": "29", "action_flag": 1, "object_repr": "Ben Kingsley", "change_message": "", "content_type": 9}}, {"model": "admin.logentry", "pk": 58, "fields": {"user": 1, "action_time": "2015-07-13T17:18:15.140Z", "object_id": "10", "action_flag": 1, "object_repr": "Schindler's List (1993)", "change_message": "", "content_type": 10}}, {"model": "admin.logentry", "pk": 59, "fields": {"user": 1, "action_time": "2015-07-13T17:18:37.576Z", "object_id": "9", "action_flag": 1, "object_repr": "Sidney Lumet", "change_message": "", "content_type": 7}}, {"model": "admin.logentry", "pk": 60, "fields": {"user": 1, "action_time": "2015-07-13T17:18:46.925Z", "object_id": "10", "action_flag": 1, "object_repr": "Reginald Rose", "change_message": "", "content_type": 8}}, {"model": "admin.logentry", "pk": 61, "fields": {"user": 1, "action_time": "2015-07-13T17:19:00.851Z", "object_id": "30", "action_flag": 1, "object_repr": "Henry Fonda", "change_message": "", "content_type": 9}}, {"model": "admin.logentry", "pk": 62, "fields": {"user": 1, "action_time": "2015-07-13T17:19:10.630Z", "object_id": "31", "action_flag": 1, "object_repr": "Lee J. Cobb", "change_message": "", "content_type": 9}}, {"model": "admin.logentry", "pk": 63, "fields": {"user": 1, "action_time": "2015-07-13T17:19:16.224Z", "object_id": "32", "action_flag": 1, "object_repr": "Martin Balsam", "change_message": "", "content_type": 9}}, {"model": "admin.logentry", "pk": 64, "fields": {"user": 1, "action_time": "2015-07-13T17:20:40.237Z", "object_id": "11", "action_flag": 1, "object_repr": "12 Angry Men (1957)", "change_message": "", "content_type": 10}}, {"model": "admin.logentry", "pk": 65, "fields": {"user": 1, "action_time": "2015-07-13T17:21:36.858Z", "object_id": "10", "action_flag": 1, "object_repr": "Peter Jackson", "change_message": "", "content_type": 7}}, {"model": "admin.logentry", "pk": 66, "fields": {"user": 1, "action_time": "2015-07-13T17:21:52.815Z", "object_id": "11", "action_flag": 1, "object_repr": "J.R.R. Tolkien", "change_message": "", "content_type": 8}}, {"model": "admin.logentry", "pk": 67, "fields": {"user": 1, "action_time": "2015-07-13T17:22:08.221Z", "object_id": "33", "action_flag": 1, "object_repr": "Elijah Wood", "change_message": "", "content_type": 9}}, {"model": "admin.logentry", "pk": 68, "fields": {"user": 1, "action_time": "2015-07-13T17:22:20.267Z", "object_id": "34", "action_flag": 1, "object_repr": "Viggo Mortensen", "change_message": "", "content_type": 9}}, {"model": "admin.logentry", "pk": 69, "fields": {"user": 1, "action_time": "2015-07-13T17:22:27.664Z", "object_id": "35", "action_flag": 1, "object_repr": "Ian McKellen", "change_message": "", "content_type": 9}}, {"model": "admin.logentry", "pk": 70, "fields": {"user": 1, "action_time": "2015-07-13T17:22:34.659Z", "object_id": "12", "action_flag": 1, "object_repr": "The Lord of the Rings: The Return of the King (2003)", "change_message": "", "content_type": 10}}, {"model": "admin.logentry", "pk": 71, "fields": {"user": 1, "action_time": "2015-07-13T18:28:05.104Z", "object_id": "1", "action_flag": 2, "object_repr": "Django Unchained (2012)", "change_message": "Changed thumbnail.", "content_type": 10}}, {"model": "admin.logentry", "pk": 72, "fields": {"user": 1, "action_time": "2015-07-13T18:31:05.897Z", "object_id": "1", "action_flag": 2, "object_repr": "Django Unchained (2012)", "change_message": "Changed thumbnail.", "content_type": 10}}, {"model": "admin.logentry", "pk": 73, "fields": {"user": 1, "action_time": "2015-07-13T18:32:51.253Z", "object_id": "1", "action_flag": 2, "object_repr": "Django Unchained (2012)", "change_message": "Changed thumbnail.", "content_type": 10}}, {"model": "admin.logentry", "pk": 74, "fields": {"user": 1, "action_time": "2015-07-13T18:35:13.706Z", "object_id": "1", "action_flag": 2, "object_repr": "Django Unchained (2012)", "change_message": "Changed thumbnail.", "content_type": 10}}, {"model": "admin.logentry", "pk": 75, "fields": {"user": 1, "action_time": "2015-07-13T18:35:21.153Z", "object_id": "1", "action_flag": 2, "object_repr": "Django Unchained (2012)", "change_message": "Changed thumbnail.", "content_type": 10}}, {"model": "admin.logentry", "pk": 76, "fields": {"user": 1, "action_time": "2015-07-13T18:39:41.668Z", "object_id": "1", "action_flag": 2, "object_repr": "Django Unchained (2012)", "change_message": "Changed thumbnail.", "content_type": 10}}, {"model": "admin.logentry", "pk": 77, "fields": {"user": 1, "action_time": "2015-07-13T18:42:09.929Z", "object_id": "1", "action_flag": 2, "object_repr": "Django Unchained (2012)", "change_message": "Changed thumbnail.", "content_type": 10}}, {"model": "admin.logentry", "pk": 78, "fields": {"user": 1, "action_time": "2015-07-13T18:42:14.342Z", "object_id": "1", "action_flag": 2, "object_repr": "Django Unchained (2012)", "change_message": "Changed thumbnail.", "content_type": 10}}, {"model": "admin.logentry", "pk": 79, "fields": {"user": 1, "action_time": "2015-07-13T18:53:37.728Z", "object_id": "1", "action_flag": 2, "object_repr": "Django Unchained (2012)", "change_message": "Changed thumbnail.", "content_type": 10}}, {"model": "admin.logentry", "pk": 80, "fields": {"user": 1, "action_time": "2015-07-13T19:13:46.571Z", "object_id": "1", "action_flag": 2, "object_repr": "Django Unchained (2012)", "change_message": "Changed thumbnail.", "content_type": 10}}, {"model": "admin.logentry", "pk": 81, "fields": {"user": 1, "action_time": "2015-07-13T19:13:53.618Z", "object_id": "1", "action_flag": 2, "object_repr": "Django Unchained (2012)", "change_message": "Changed thumbnail.", "content_type": 10}}, {"model": "admin.logentry", "pk": 82, "fields": {"user": 1, "action_time": "2015-07-13T19:14:01.281Z", "object_id": "1", "action_flag": 2, "object_repr": "Django Unchained (2012)", "change_message": "Changed thumbnail.", "content_type": 10}}, {"model": "admin.logentry", "pk": 83, "fields": {"user": 1, "action_time": "2015-07-13T19:33:27.774Z", "object_id": "1", "action_flag": 2, "object_repr": "Django Unchained (2012)", "change_message": "Changed thumbnail.", "content_type": 10}}, {"model": "admin.logentry", "pk": 84, "fields": {"user": 1, "action_time": "2015-07-13T19:33:36.625Z", "object_id": "1", "action_flag": 2, "object_repr": "Django Unchained (2012)", "change_message": "Changed thumbnail.", "content_type": 10}}, {"model": "admin.logentry", "pk": 85, "fields": {"user": 1, "action_time": "2015-07-13T19:34:20.229Z", "object_id": "1", "action_flag": 2, "object_repr": "Django Unchained (2012)", "change_message": "Changed thumbnail.", "content_type": 10}}, {"model": "admin.logentry", "pk": 86, "fields": {"user": 1, "action_time": "2015-07-13T19:34:26.845Z", "object_id": "1", "action_flag": 2, "object_repr": "Django Unchained (2012)", "change_message": "Changed thumbnail.", "content_type": 10}}, {"model": "admin.logentry", "pk": 87, "fields": {"user": 1, "action_time": "2015-07-13T19:35:42.713Z", "object_id": "2", "action_flag": 2, "object_repr": "Monty Python and the Holy Grail (1975)", "change_message": "Changed thumbnail.", "content_type": 10}}, {"model": "admin.logentry", "pk": 88, "fields": {"user": 1, "action_time": "2015-07-13T19:36:23.016Z", "object_id": "12", "action_flag": 2, "object_repr": "The Lord of the Rings: The Return of the King (2003)", "change_message": "Changed thumbnail.", "content_type": 10}}, {"model": "admin.logentry", "pk": 89, "fields": {"user": 1, "action_time": "2015-07-13T19:36:47.795Z", "object_id": "11", "action_flag": 2, "object_repr": "12 Angry Men (1957)", "change_message": "Changed thumbnail.", "content_type": 10}}, {"model": "admin.logentry", "pk": 90, "fields": {"user": 1, "action_time": "2015-07-13T19:37:10.661Z", "object_id": "10", "action_flag": 2, "object_repr": "Schindler's List (1993)", "change_message": "Changed thumbnail.", "content_type": 10}}, {"model": "admin.logentry", "pk": 91, "fields": {"user": 1, "action_time": "2015-07-13T19:37:32.598Z", "object_id": "9", "action_flag": 2, "object_repr": "Pulp Fiction (1994)", "change_message": "Changed thumbnail.", "content_type": 10}}, {"model": "admin.logentry", "pk": 92, "fields": {"user": 1, "action_time": "2015-07-13T19:37:53.911Z", "object_id": "8", "action_flag": 2, "object_repr": "The Dark Knight (2008)", "change_message": "Changed thumbnail.", "content_type": 10}}, {"model": "admin.logentry", "pk": 93, "fields": {"user": 1, "action_time": "2015-07-13T19:38:16.917Z", "object_id": "7", "action_flag": 2, "object_repr": "The Godfather: Part II (1974)", "change_message": "Changed thumbnail.", "content_type": 10}}, {"model": "admin.logentry", "pk": 94, "fields": {"user": 1, "action_time": "2015-07-13T19:39:11.863Z", "object_id": "6", "action_flag": 2, "object_repr": "The Godfather (1972)", "change_message": "Changed thumbnail.", "content_type": 10}}, {"model": "admin.logentry", "pk": 95, "fields": {"user": 1, "action_time": "2015-07-13T19:39:37.872Z", "object_id": "5", "action_flag": 2, "object_repr": "The Shawshank Redemption (1994)", "change_message": "Changed thumbnail.", "content_type": 10}}, {"model": "admin.logentry", "pk": 96, "fields": {"user": 1, "action_time": "2015-07-13T19:40:04.328Z", "object_id": "4", "action_flag": 2, "object_repr": "How to Train Your Dragon 2 (2014)", "change_message": "Changed thumbnail.", "content_type": 10}}, {"model": "admin.logentry", "pk": 97, "fields": {"user": 1, "action_time": "2015-07-13T19:40:26.255Z", "object_id": "3", "action_flag": 2, "object_repr": "Finding Nemo (2003)", "change_message": "Changed thumbnail.", "content_type": 10}}, {"model": "admin.logentry", "pk": 98, "fields": {"user": 1, "action_time": "2015-07-13T19:40:29.535Z", "object_id": "2", "action_flag": 2, "object_repr": "Monty Python and the Holy Grail (1975)", "change_message": "No fields changed.", "content_type": 10}}]