[
{
    "model": "contenttypes.contenttype",
    "fields": {
        "model": "logentry",
        "app_label": "admin"
    },
    "pk": 1
},
{
    "model": "contenttypes.contenttype",
    "fields": {
        "model": "permission",
        "app_label": "auth"
    },
    "pk": 2
},
{
    "model": "contenttypes.contenttype",
    "fields": {
        "model": "group",
        "app_label": "auth"
    },
    "pk": 3
},
{
    "model": "contenttypes.contenttype",
    "fields": {
        "model": "user",
        "app_label": "auth"
    },
    "pk": 4
},
{
    "model": "contenttypes.contenttype",
    "fields": {
        "model": "contenttype",
        "app_label": "contenttypes"
    },
    "pk": 5
},
{
    "model": "contenttypes.contenttype",
    "fields": {
        "model": "session",
        "app_label": "sessions"
    },
    "pk": 6
},
{
    "model": "contenttypes.contenttype",
    "fields": {
        "model": "director",
        "app_label": "movies"
    },
    "pk": 7
},
{
    "model": "contenttypes.contenttype",
    "fields": {
        "model": "writer",
        "app_label": "movies"
    },
    "pk": 8
},
{
    "model": "contenttypes.contenttype",
    "fields": {
        "model": "actor",
        "app_label": "movies"
    },
    "pk": 9
},
{
    "model": "contenttypes.contenttype",
    "fields": {
        "model": "movie",
        "app_label": "movies"
    },
    "pk": 10
},
{
    "model": "contenttypes.contenttype",
    "fields": {
        "model": "user",
        "app_label": "movies"
    },
    "pk": 11
},
{
    "model": "sessions.session",
    "fields": {
        "session_data": "MWQxMmY1MmVlZTQ2MzE5N2YxNjBjODE4YjgzZTgyNmU4MmY0ZDY1OTp7Il9hdXRoX3VzZXJfaGFzaCI6IjJlYWRmNmQxMzkxYzAwZTQzYmVkODNiOTU2YmM2MmMzMmI2OTk0MzYiLCJfYXV0aF91c2VyX2lkIjoiMSIsIl9hdXRoX3VzZXJfYmFja2VuZCI6ImRqYW5nby5jb250cmliLmF1dGguYmFja2VuZHMuTW9kZWxCYWNrZW5kIn0=",
        "expire_date": "2015-07-22T18:13:14.518Z"
    },
    "pk": "68fyxrcj8xle5f624whpkezifcx27z2i"
},
{
    "model": "movies.director",
    "fields": {
        "name": "Quentin Tarantino"
    },
    "pk": 1
},
{
    "model": "movies.director",
    "fields": {
        "name": "Terry Gilliam"
    },
    "pk": 2
},
{
    "model": "movies.director",
    "fields": {
        "name": "Andrew Stanton"
    },
    "pk": 3
},
{
    "model": "movies.director",
    "fields": {
        "name": "Dean DeBlois"
    },
    "pk": 4
},
{
    "model": "movies.director",
    "fields": {
        "name": "Frank Darabont"
    },
    "pk": 5
},
{
    "model": "movies.director",
    "fields": {
        "name": "Francis Ford Coppola"
    },
    "pk": 6
},
{
    "model": "movies.director",
    "fields": {
        "name": "Christopher Nolan"
    },
    "pk": 7
},
{
    "model": "movies.director",
    "fields": {
        "name": "Steven Spielberg"
    },
    "pk": 8
},
{
    "model": "movies.director",
    "fields": {
        "name": "Sidney Lumet"
    },
    "pk": 9
},
{
    "model": "movies.director",
    "fields": {
        "name": "Peter Jackson"
    },
    "pk": 10
},
{
    "model": "movies.director",
    "fields": {
        "name": "Robert Zemeckis"
    },
    "pk": 11
},
{
    "model": "movies.director",
    "fields": {
        "name": "Jared Hess"
    },
    "pk": 35
},
{
    "model": "movies.director",
    "fields": {
        "name": "Christopher Nolan"
    },
    "pk": 38
},
{
    "model": "movies.director",
    "fields": {
        "name": "Jay Chandrasekhar"
    },
    "pk": 39
},
{
    "model": "movies.director",
    "fields": {
        "name": "Jay Chandrasekhar"
    },
    "pk": 40
},
{
    "model": "movies.director",
    "fields": {
        "name": "Jay Chandrasekhar"
    },
    "pk": 41
},
{
    "model": "movies.director",
    "fields": {
        "name": "Sam Raimi"
    },
    "pk": 42
},
{
    "model": "movies.director",
    "fields": {
        "name": "Sam Raimi"
    },
    "pk": 43
},
{
    "model": "movies.director",
    "fields": {
        "name": "Mark Dindal"
    },
    "pk": 44
},
{
    "model": "movies.director",
    "fields": {
        "name": "Andrew Davis"
    },
    "pk": 45
},
{
    "model": "movies.director",
    "fields": {
        "name": "Roland Emmerich"
    },
    "pk": 46
},
{
    "model": "movies.writer",
    "fields": {
        "name": "Quentin Tarantino"
    },
    "pk": 1
},
{
    "model": "movies.writer",
    "fields": {
        "name": "Graham Chapman"
    },
    "pk": 2
},
{
    "model": "movies.writer",
    "fields": {
        "name": "Andrew Stanton"
    },
    "pk": 3
},
{
    "model": "movies.writer",
    "fields": {
        "name": "Dean DeBlois"
    },
    "pk": 4
},
{
    "model": "movies.writer",
    "fields": {
        "name": "Stephen King"
    },
    "pk": 5
},
{
    "model": "movies.writer",
    "fields": {
        "name": "Mario Puzo"
    },
    "pk": 6
},
{
    "model": "movies.writer",
    "fields": {
        "name": "Francis Ford Coppola"
    },
    "pk": 7
},
{
    "model": "movies.writer",
    "fields": {
        "name": "Jonathan Nolan"
    },
    "pk": 8
},
{
    "model": "movies.writer",
    "fields": {
        "name": "Thomas Keneally"
    },
    "pk": 9
},
{
    "model": "movies.writer",
    "fields": {
        "name": "Reginald Rose"
    },
    "pk": 10
},
{
    "model": "movies.writer",
    "fields": {
        "name": "J.R.R. Tolkien"
    },
    "pk": 11
},
{
    "model": "movies.writer",
    "fields": {
        "name": "Robert Zemeckis"
    },
    "pk": 12
},
{
    "model": "movies.writer",
    "fields": {
        "name": "Jared Hess, Jerusha Hess"
    },
    "pk": 36
},
{
    "model": "movies.writer",
    "fields": {
        "name": "Jared Hess, Jerusha Hess"
    },
    "pk": 37
},
{
    "model": "movies.writer",
    "fields": {
        "name": "Michael Crichton (novel), Michael Crichton (screenplay), David Koepp (screenplay)"
    },
    "pk": 38
},
{
    "model": "movies.writer",
    "fields": {
        "name": "Jonathan Nolan (screenplay), Christopher Nolan (screenplay), Christopher Nolan (story), David S. Goyer (story), Bob Kane (characters)"
    },
    "pk": 39
},
{
    "model": "movies.writer",
    "fields": {
        "name": "Jay Chandrasekhar, Kevin Heffernan, Steve Lemme, Paul Soter, Erik Stolhanske"
    },
    "pk": 40
},
{
    "model": "movies.writer",
    "fields": {
        "name": "Jay Chandrasekhar, Kevin Heffernan, Steve Lemme, Paul Soter, Erik Stolhanske"
    },
    "pk": 41
},
{
    "model": "movies.writer",
    "fields": {
        "name": "Jay Chandrasekhar, Kevin Heffernan, Steve Lemme, Paul Soter, Erik Stolhanske"
    },
    "pk": 42
},
{
    "model": "movies.writer",
    "fields": {
        "name": "Stan Lee (Marvel comic book), Steve Ditko (Marvel comic book), David Koepp (screenplay)"
    },
    "pk": 43
},
{
    "model": "movies.writer",
    "fields": {
        "name": "Stan Lee (Marvel comic book), Steve Ditko (Marvel comic book), David Koepp (screenplay)"
    },
    "pk": 44
},
{
    "model": "movies.writer",
    "fields": {
        "name": "Chris Williams (story), Mark Dindal (story), David Reynolds (screenplay), Stephen J. Anderson (story), Stephen J. Anderson (additional story material), Don Hall (additional story material), John Norton (additional story material), Roger Allers (original story), Matthew Jacobs (original story), Doug Frankel (additional story), Mark Kennedy (additional story), Mark Walton (additional story)"
    },
    "pk": 45
},
{
    "model": "movies.writer",
    "fields": {
        "name": "Louis Sachar (novel), Louis Sachar (screenplay)"
    },
    "pk": 46
},
{
    "model": "movies.writer",
    "fields": {
        "name": "Dean Devlin, Roland Emmerich"
    },
    "pk": 47
},
{
    "model": "movies.actor",
    "fields": {
        "name": "Jamie Foxx"
    },
    "pk": 1
},
{
    "model": "movies.actor",
    "fields": {
        "name": "Christoph Waltz"
    },
    "pk": 2
},
{
    "model": "movies.actor",
    "fields": {
        "name": "Leonardo DiCaprio"
    },
    "pk": 3
},
{
    "model": "movies.actor",
    "fields": {
        "name": "Graham Chapman"
    },
    "pk": 4
},
{
    "model": "movies.actor",
    "fields": {
        "name": "John Cleese"
    },
    "pk": 5
},
{
    "model": "movies.actor",
    "fields": {
        "name": "Eric Idle"
    },
    "pk": 6
},
{
    "model": "movies.actor",
    "fields": {
        "name": "Albert Brooks"
    },
    "pk": 7
},
{
    "model": "movies.actor",
    "fields": {
        "name": "Ellen DeGeneres"
    },
    "pk": 8
},
{
    "model": "movies.actor",
    "fields": {
        "name": "Alexander Gould"
    },
    "pk": 9
},
{
    "model": "movies.actor",
    "fields": {
        "name": "Jay Baruchel"
    },
    "pk": 10
},
{
    "model": "movies.actor",
    "fields": {
        "name": "Cate Blanchett"
    },
    "pk": 11
},
{
    "model": "movies.actor",
    "fields": {
        "name": "Gerard Butler"
    },
    "pk": 12
},
{
    "model": "movies.actor",
    "fields": {
        "name": "Tim Robbins"
    },
    "pk": 13
},
{
    "model": "movies.actor",
    "fields": {
        "name": "Morgan Freeman"
    },
    "pk": 14
},
{
    "model": "movies.actor",
    "fields": {
        "name": "Bob Gunton"
    },
    "pk": 15
},
{
    "model": "movies.actor",
    "fields": {
        "name": "Marlon Brando"
    },
    "pk": 16
},
{
    "model": "movies.actor",
    "fields": {
        "name": "Al Pacino"
    },
    "pk": 17
},
{
    "model": "movies.actor",
    "fields": {
        "name": "James Caan"
    },
    "pk": 18
},
{
    "model": "movies.actor",
    "fields": {
        "name": "Robert De Niro"
    },
    "pk": 19
},
{
    "model": "movies.actor",
    "fields": {
        "name": "Robert Duvall"
    },
    "pk": 20
},
{
    "model": "movies.actor",
    "fields": {
        "name": "Christian Bale"
    },
    "pk": 21
},
{
    "model": "movies.actor",
    "fields": {
        "name": "Heath Ledger"
    },
    "pk": 22
},
{
    "model": "movies.actor",
    "fields": {
        "name": "Aaron Eckhart"
    },
    "pk": 23
},
{
    "model": "movies.actor",
    "fields": {
        "name": "John Travolta"
    },
    "pk": 24
},
{
    "model": "movies.actor",
    "fields": {
        "name": "Uma Thurman"
    },
    "pk": 25
},
{
    "model": "movies.actor",
    "fields": {
        "name": "Samuel L. Jackson"
    },
    "pk": 26
},
{
    "model": "movies.actor",
    "fields": {
        "name": "Liam Neeson"
    },
    "pk": 27
},
{
    "model": "movies.actor",
    "fields": {
        "name": "Ralph Fiennes"
    },
    "pk": 28
},
{
    "model": "movies.actor",
    "fields": {
        "name": "Ben Kingsley"
    },
    "pk": 29
},
{
    "model": "movies.actor",
    "fields": {
        "name": "Henry Fonda"
    },
    "pk": 30
},
{
    "model": "movies.actor",
    "fields": {
        "name": "Lee J. Cobb"
    },
    "pk": 31
},
{
    "model": "movies.actor",
    "fields": {
        "name": "Martin Balsam"
    },
    "pk": 32
},
{
    "model": "movies.actor",
    "fields": {
        "name": "Elijah Wood"
    },
    "pk": 33
},
{
    "model": "movies.actor",
    "fields": {
        "name": "Viggo Mortensen"
    },
    "pk": 34
},
{
    "model": "movies.actor",
    "fields": {
        "name": "Ian McKellen"
    },
    "pk": 35
},
{
    "model": "movies.actor",
    "fields": {
        "name": "Michael J. Fox"
    },
    "pk": 36
},
{
    "model": "movies.actor",
    "fields": {
        "name": "Lea Thompson"
    },
    "pk": 37
},
{
    "model": "movies.actor",
    "fields": {
        "name": "Christopher Lloyd"
    },
    "pk": 38
},
{
    "model": "movies.actor",
    "fields": {
        "name": "Jon Heder"
    },
    "pk": 100
},
{
    "model": "movies.actor",
    "fields": {
        "name": "Jon Gries"
    },
    "pk": 101
},
{
    "model": "movies.actor",
    "fields": {
        "name": "Aaron Ruell"
    },
    "pk": 102
},
{
    "model": "movies.actor",
    "fields": {
        "name": "Efren Ramirez"
    },
    "pk": 103
},
{
    "model": "movies.actor",
    "fields": {
        "name": "Jon Heder"
    },
    "pk": 104
},
{
    "model": "movies.actor",
    "fields": {
        "name": "Jon Gries"
    },
    "pk": 105
},
{
    "model": "movies.actor",
    "fields": {
        "name": "Aaron Ruell"
    },
    "pk": 106
},
{
    "model": "movies.actor",
    "fields": {
        "name": "Efren Ramirez"
    },
    "pk": 107
},
{
    "model": "movies.actor",
    "fields": {
        "name": "Christian Bale"
    },
    "pk": 112
},
{
    "model": "movies.actor",
    "fields": {
        "name": "Gary Oldman"
    },
    "pk": 113
},
{
    "model": "movies.actor",
    "fields": {
        "name": "Tom Hardy"
    },
    "pk": 114
},
{
    "model": "movies.actor",
    "fields": {
        "name": "Joseph Gordon-Levitt"
    },
    "pk": 115
},
{
    "model": "movies.actor",
    "fields": {
        "name": "Andr\u00e9 Vippolis"
    },
    "pk": 116
},
{
    "model": "movies.actor",
    "fields": {
        "name": "Joey Kern"
    },
    "pk": 117
},
{
    "model": "movies.actor",
    "fields": {
        "name": "Geoffrey Arend"
    },
    "pk": 118
},
{
    "model": "movies.actor",
    "fields": {
        "name": "Erik Stolhanske"
    },
    "pk": 119
},
{
    "model": "movies.actor",
    "fields": {
        "name": "Tobey Maguire"
    },
    "pk": 120
},
{
    "model": "movies.actor",
    "fields": {
        "name": "Willem Dafoe"
    },
    "pk": 121
},
{
    "model": "movies.actor",
    "fields": {
        "name": "Kirsten Dunst"
    },
    "pk": 122
},
{
    "model": "movies.actor",
    "fields": {
        "name": "James Franco"
    },
    "pk": 123
},
{
    "model": "movies.actor",
    "fields": {
        "name": "Tobey Maguire"
    },
    "pk": 124
},
{
    "model": "movies.actor",
    "fields": {
        "name": "Willem Dafoe"
    },
    "pk": 125
},
{
    "model": "movies.actor",
    "fields": {
        "name": "Kirsten Dunst"
    },
    "pk": 126
},
{
    "model": "movies.actor",
    "fields": {
        "name": "James Franco"
    },
    "pk": 127
},
{
    "model": "movies.actor",
    "fields": {
        "name": "David Spade"
    },
    "pk": 128
},
{
    "model": "movies.actor",
    "fields": {
        "name": "John Goodman"
    },
    "pk": 129
},
{
    "model": "movies.actor",
    "fields": {
        "name": "Eartha Kitt"
    },
    "pk": 130
},
{
    "model": "movies.actor",
    "fields": {
        "name": "Patrick Warburton"
    },
    "pk": 131
},
{
    "model": "movies.actor",
    "fields": {
        "name": "Sigourney Weaver"
    },
    "pk": 132
},
{
    "model": "movies.actor",
    "fields": {
        "name": "Jon Voight"
    },
    "pk": 133
},
{
    "model": "movies.actor",
    "fields": {
        "name": "Tim Blake Nelson"
    },
    "pk": 134
},
{
    "model": "movies.actor",
    "fields": {
        "name": "Shia LaBeouf"
    },
    "pk": 135
},
{
    "model": "movies.actor",
    "fields": {
        "name": "Will Smith"
    },
    "pk": 136
},
{
    "model": "movies.actor",
    "fields": {
        "name": "Bill Pullman"
    },
    "pk": 137
},
{
    "model": "movies.actor",
    "fields": {
        "name": "Jeff Goldblum"
    },
    "pk": 138
},
{
    "model": "movies.actor",
    "fields": {
        "name": "Mary McDonnell"
    },
    "pk": 139
},
{
    "model": "movies.movie",
    "fields": {
        "thumbnail": "movie_thumbnails/small_django.jpg",
        "poster": "http://ia.media-imdb.com/images/M/MV5BMjIyNTQ5NjQ1OV5BMl5BanBnXkFtZTcwODg1MDU4OA@@._V1_SX300.jpg",
        "name": "Django Unchained",
        "director": 1,
        "imdbId": "tt1853728",
        "writer": 1,
        "year": 2012,
        "actors": [
            1,
            2,
            3
        ],
        "rated": 4
    },
    "pk": 1
},
{
    "model": "movies.movie",
    "fields": {
        "thumbnail": "movie_thumbnails/monty_python.jpg",
        "poster": "http://ia.media-imdb.com/images/M/MV5BMTkzODczMTgwM15BMl5BanBnXkFtZTYwNTAwODI5._V1_SX300.jpg",
        "name": "Monty Python and the Holy Grail",
        "director": 2,
        "imdbId": "tt0071853",
        "writer": 2,
        "year": 1975,
        "actors": [
            4,
            5,
            6
        ],
        "rated": 2
    },
    "pk": 2
},
{
    "model": "movies.movie",
    "fields": {
        "thumbnail": "movie_thumbnails/nemo.jpg",
        "poster": "http://ia.media-imdb.com/images/M/MV5BMTY1MTg1NDAxOV5BMl5BanBnXkFtZTcwMjg1MDI5Nw@@._V1_SX300.jpg",
        "name": "Finding Nemo",
        "director": 3,
        "imdbId": "tt0266543",
        "writer": 3,
        "year": 2003,
        "actors": [
            7,
            8,
            9
        ],
        "rated": 1
    },
    "pk": 3
},
{
    "model": "movies.movie",
    "fields": {
        "thumbnail": "movie_thumbnails/dragon2.jpg",
        "poster": "http://ia.media-imdb.com/images/M/MV5BMzMwMTAwODczN15BMl5BanBnXkFtZTgwMDk2NDA4MTE@._V1_SX300.jpg",
        "name": "How to Train Your Dragon 2",
        "director": 4,
        "imdbId": "tt1646971",
        "writer": 4,
        "year": 2014,
        "actors": [
            10,
            11,
            12
        ],
        "rated": 2
    },
    "pk": 4
},
{
    "model": "movies.movie",
    "fields": {
        "thumbnail": "movie_thumbnails/shawshank.jpg",
        "poster": "http://ia.media-imdb.com/images/M/MV5BODU4MjU4NjIwNl5BMl5BanBnXkFtZTgwMDU2MjEyMDE@._V1_SX300.jpg",
        "name": "The Shawshank Redemption",
        "director": 5,
        "imdbId": "tt0111161",
        "writer": 5,
        "year": 1994,
        "actors": [
            13,
            14,
            15
        ],
        "rated": 4
    },
    "pk": 5
},
{
    "model": "movies.movie",
    "fields": {
        "thumbnail": "movie_thumbnails/godfather.jpg",
        "poster": "http://ia.media-imdb.com/images/M/MV5BMjEyMjcyNDI4MF5BMl5BanBnXkFtZTcwMDA5Mzg3OA@@._V1_SX300.jpg",
        "name": "The Godfather",
        "director": 6,
        "imdbId": "tt0068646",
        "writer": 6,
        "year": 1972,
        "actors": [
            16,
            17,
            18
        ],
        "rated": 4
    },
    "pk": 6
},
{
    "model": "movies.movie",
    "fields": {
        "thumbnail": "movie_thumbnails/godfather2.jpg",
        "poster": "http://ia.media-imdb.com/images/M/MV5BNDc2NTM3MzU1Nl5BMl5BanBnXkFtZTcwMTA5Mzg3OA@@._V1_SX300.jpg",
        "name": "The Godfather: Part II",
        "director": 6,
        "imdbId": "tt0071562",
        "writer": 7,
        "year": 1974,
        "actors": [
            17,
            19,
            20
        ],
        "rated": 4
    },
    "pk": 7
},
{
    "model": "movies.movie",
    "fields": {
        "thumbnail": "movie_thumbnails/darkknight.jpg",
        "poster": "http://ia.media-imdb.com/images/M/MV5BMTMxNTMwODM0NF5BMl5BanBnXkFtZTcwODAyMTk2Mw@@._V1_SX300.jpg",
        "name": "The Dark Knight",
        "director": 7,
        "imdbId": "tt0468569",
        "writer": 8,
        "year": 2008,
        "actors": [
            21,
            22,
            23
        ],
        "rated": 3
    },
    "pk": 8
},
{
    "model": "movies.movie",
    "fields": {
        "thumbnail": "movie_thumbnails/pulpfiction.jpg",
        "poster": "http://ia.media-imdb.com/images/M/MV5BMjE0ODk2NjczOV5BMl5BanBnXkFtZTYwNDQ0NDg4._V1_SX300.jpg",
        "name": "Pulp Fiction",
        "director": 1,
        "imdbId": "tt0110912",
        "writer": 1,
        "year": 1994,
        "actors": [
            24,
            25,
            26
        ],
        "rated": 4
    },
    "pk": 9
},
{
    "model": "movies.movie",
    "fields": {
        "thumbnail": "movie_thumbnails/schindlers.jpg",
        "poster": "http://ia.media-imdb.com/images/M/MV5BMzMwMTM4MDU2N15BMl5BanBnXkFtZTgwMzQ0MjMxMDE@._V1_SX300.jpg",
        "name": "Schindler's List",
        "director": 8,
        "imdbId": "tt0108052",
        "writer": 9,
        "year": 1993,
        "actors": [
            27,
            28,
            29
        ],
        "rated": 4
    },
    "pk": 10
},
{
    "model": "movies.movie",
    "fields": {
        "thumbnail": "movie_thumbnails/12angry.jpg",
        "poster": "http://ia.media-imdb.com/images/M/MV5BODQwOTc5MDM2N15BMl5BanBnXkFtZTcwODQxNTEzNA@@._V1_SX300.jpg",
        "name": "12 Angry Men",
        "director": 9,
        "imdbId": "tt0050083",
        "writer": 10,
        "year": 1957,
        "actors": [
            30,
            31,
            32
        ],
        "rated": 3
    },
    "pk": 11
},
{
    "model": "movies.movie",
    "fields": {
        "thumbnail": "movie_thumbnails/lotrrotk.jpg",
        "poster": "http://ia.media-imdb.com/images/M/MV5BMjE4MjA1NTAyMV5BMl5BanBnXkFtZTcwNzM1NDQyMQ@@._V1_SX300.jpg",
        "name": "The Lord of the Rings: The Return of the King",
        "director": 10,
        "imdbId": "tt0167260",
        "writer": 11,
        "year": 2003,
        "actors": [
            33,
            34,
            35
        ],
        "rated": 3
    },
    "pk": 12
},
{
    "model": "movies.movie",
    "fields": {
        "thumbnail": "movie_thumbnails/backtothefuture.jpg",
        "poster": "http://ia.media-imdb.com/images/M/MV5BMjA5NTYzMDMyM15BMl5BanBnXkFtZTgwNjU3NDU2MTE@._V1_SX300.jpg",
        "name": "Back to the Future",
        "director": 11,
        "imdbId": "tt0088763",
        "writer": 12,
        "year": 1985,
        "actors": [
            36,
            37
        ],
        "rated": 2
    },
    "pk": 13
},
{
    "model": "movies.movie",
    "fields": {
        "thumbnail": "",
        "poster": "http://ia.media-imdb.com/images/M/MV5BMTY1MTExMTE2M15BMl5BanBnXkFtZTYwMDI2OTE5._V1_SX300.jpg",
        "name": "Super Troopers",
        "director": 41,
        "imdbId": "tt0247745",
        "writer": 42,
        "year": 2001,
        "actors": [
            116,
            117,
            118,
            119
        ],
        "rated": 4
    },
    "pk": 27
},
{
    "model": "movies.movie",
    "fields": {
        "thumbnail": "",
        "poster": "http://ia.media-imdb.com/images/M/MV5BMTMwODY3NzQzNF5BMl5BanBnXkFtZTcwNzUxNjc0MQ@@._V1_SX300.jpg",
        "name": "Independence Day",
        "director": 46,
        "imdbId": "tt0116629",
        "writer": 47,
        "year": 1996,
        "actors": [
            136,
            137,
            138,
            139
        ],
        "rated": 3
    },
    "pk": 32
},
{
    "model": "auth.permission",
    "fields": {
        "content_type": 1,
        "codename": "add_logentry",
        "name": "Can add log entry"
    },
    "pk": 1
},
{
    "model": "auth.permission",
    "fields": {
        "content_type": 1,
        "codename": "change_logentry",
        "name": "Can change log entry"
    },
    "pk": 2
},
{
    "model": "auth.permission",
    "fields": {
        "content_type": 1,
        "codename": "delete_logentry",
        "name": "Can delete log entry"
    },
    "pk": 3
},
{
    "model": "auth.permission",
    "fields": {
        "content_type": 2,
        "codename": "add_permission",
        "name": "Can add permission"
    },
    "pk": 4
},
{
    "model": "auth.permission",
    "fields": {
        "content_type": 2,
        "codename": "change_permission",
        "name": "Can change permission"
    },
    "pk": 5
},
{
    "model": "auth.permission",
    "fields": {
        "content_type": 2,
        "codename": "delete_permission",
        "name": "Can delete permission"
    },
    "pk": 6
},
{
    "model": "auth.permission",
    "fields": {
        "content_type": 3,
        "codename": "add_group",
        "name": "Can add group"
    },
    "pk": 7
},
{
    "model": "auth.permission",
    "fields": {
        "content_type": 3,
        "codename": "change_group",
        "name": "Can change group"
    },
    "pk": 8
},
{
    "model": "auth.permission",
    "fields": {
        "content_type": 3,
        "codename": "delete_group",
        "name": "Can delete group"
    },
    "pk": 9
},
{
    "model": "auth.permission",
    "fields": {
        "content_type": 4,
        "codename": "add_user",
        "name": "Can add user"
    },
    "pk": 10
},
{
    "model": "auth.permission",
    "fields": {
        "content_type": 4,
        "codename": "change_user",
        "name": "Can change user"
    },
    "pk": 11
},
{
    "model": "auth.permission",
    "fields": {
        "content_type": 4,
        "codename": "delete_user",
        "name": "Can delete user"
    },
    "pk": 12
},
{
    "model": "auth.permission",
    "fields": {
        "content_type": 5,
        "codename": "add_contenttype",
        "name": "Can add content type"
    },
    "pk": 13
},
{
    "model": "auth.permission",
    "fields": {
        "content_type": 5,
        "codename": "change_contenttype",
        "name": "Can change content type"
    },
    "pk": 14
},
{
    "model": "auth.permission",
    "fields": {
        "content_type": 5,
        "codename": "delete_contenttype",
        "name": "Can delete content type"
    },
    "pk": 15
},
{
    "model": "auth.permission",
    "fields": {
        "content_type": 6,
        "codename": "add_session",
        "name": "Can add session"
    },
    "pk": 16
},
{
    "model": "auth.permission",
    "fields": {
        "content_type": 6,
        "codename": "change_session",
        "name": "Can change session"
    },
    "pk": 17
},
{
    "model": "auth.permission",
    "fields": {
        "content_type": 6,
        "codename": "delete_session",
        "name": "Can delete session"
    },
    "pk": 18
},
{
    "model": "auth.permission",
    "fields": {
        "content_type": 7,
        "codename": "add_director",
        "name": "Can add director"
    },
    "pk": 19
},
{
    "model": "auth.permission",
    "fields": {
        "content_type": 7,
        "codename": "change_director",
        "name": "Can change director"
    },
    "pk": 20
},
{
    "model": "auth.permission",
    "fields": {
        "content_type": 7,
        "codename": "delete_director",
        "name": "Can delete director"
    },
    "pk": 21
},
{
    "model": "auth.permission",
    "fields": {
        "content_type": 8,
        "codename": "add_writer",
        "name": "Can add writer"
    },
    "pk": 22
},
{
    "model": "auth.permission",
    "fields": {
        "content_type": 8,
        "codename": "change_writer",
        "name": "Can change writer"
    },
    "pk": 23
},
{
    "model": "auth.permission",
    "fields": {
        "content_type": 8,
        "codename": "delete_writer",
        "name": "Can delete writer"
    },
    "pk": 24
},
{
    "model": "auth.permission",
    "fields": {
        "content_type": 9,
        "codename": "add_actor",
        "name": "Can add actor"
    },
    "pk": 25
},
{
    "model": "auth.permission",
    "fields": {
        "content_type": 9,
        "codename": "change_actor",
        "name": "Can change actor"
    },
    "pk": 26
},
{
    "model": "auth.permission",
    "fields": {
        "content_type": 9,
        "codename": "delete_actor",
        "name": "Can delete actor"
    },
    "pk": 27
},
{
    "model": "auth.permission",
    "fields": {
        "content_type": 10,
        "codename": "add_movie",
        "name": "Can add movie"
    },
    "pk": 28
},
{
    "model": "auth.permission",
    "fields": {
        "content_type": 10,
        "codename": "change_movie",
        "name": "Can change movie"
    },
    "pk": 29
},
{
    "model": "auth.permission",
    "fields": {
        "content_type": 10,
        "codename": "delete_movie",
        "name": "Can delete movie"
    },
    "pk": 30
},
{
    "model": "auth.permission",
    "fields": {
        "content_type": 11,
        "codename": "add_user",
        "name": "Can add user"
    },
    "pk": 31
},
{
    "model": "auth.permission",
    "fields": {
        "content_type": 11,
        "codename": "change_user",
        "name": "Can change user"
    },
    "pk": 32
},
{
    "model": "auth.permission",
    "fields": {
        "content_type": 11,
        "codename": "delete_user",
        "name": "Can delete user"
    },
    "pk": 33
},
{
    "model": "auth.user",
    "fields": {
        "is_active": true,
        "username": "super",
        "first_name": "",
        "last_name": "",
        "groups": [],
        "is_staff": true,
        "password": "pbkdf2_sha256$20000$J0CAuGG78au1$oX4ibQXlXjpDbLRJ74YFqMMRLlRWrIciJaOuu3b/IuE=",
        "last_login": "2015-07-08T18:13:14.508Z",
        "user_permissions": [],
        "is_superuser": true,
        "date_joined": "2015-07-08T18:13:07.665Z",
        "email": ""
    },
    "pk": 1
},
{
    "model": "auth.user",
    "fields": {
        "is_active": true,
        "username": "superuser",
        "first_name": "",
        "last_name": "",
        "groups": [],
        "is_staff": false,
        "password": "password",
        "last_login": null,
        "user_permissions": [],
        "is_superuser": false,
        "date_joined": "2015-07-09T18:24:27.612Z",
        "email": "super@user.com"
    },
    "pk": 2
},
{
    "model": "movies.user",
    "fields": {
        "groups": [],
        "user_permissions": []
    },
    "pk": 2
},
{
    "model": "admin.logentry",
    "fields": {
        "change_message": "",
        "object_id": "1",
        "user": 1,
        "action_flag": 1,
        "content_type": 9,
        "action_time": "2015-07-08T18:13:24.141Z",
        "object_repr": "Jamie Foxx"
    },
    "pk": 1
},
{
    "model": "admin.logentry",
    "fields": {
        "change_message": "",
        "object_id": "2",
        "user": 1,
        "action_flag": 1,
        "content_type": 9,
        "action_time": "2015-07-08T18:13:31.573Z",
        "object_repr": "Christopher Waltz"
    },
    "pk": 2
},
{
    "model": "admin.logentry",
    "fields": {
        "change_message": "",
        "object_id": "3",
        "user": 1,
        "action_flag": 1,
        "content_type": 9,
        "action_time": "2015-07-08T18:13:40.858Z",
        "object_repr": "Leonardo DiCaprio"
    },
    "pk": 3
},
{
    "model": "admin.logentry",
    "fields": {
        "change_message": "",
        "object_id": "1",
        "user": 1,
        "action_flag": 1,
        "content_type": 7,
        "action_time": "2015-07-08T18:14:16.008Z",
        "object_repr": "Quentin Tarantino"
    },
    "pk": 4
},
{
    "model": "admin.logentry",
    "fields": {
        "change_message": "",
        "object_id": "1",
        "user": 1,
        "action_flag": 1,
        "content_type": 8,
        "action_time": "2015-07-08T18:14:33.846Z",
        "object_repr": "Quentin Tarantino"
    },
    "pk": 5
},
{
    "model": "admin.logentry",
    "fields": {
        "change_message": "",
        "object_id": "1",
        "user": 1,
        "action_flag": 1,
        "content_type": 10,
        "action_time": "2015-07-08T18:15:17.743Z",
        "object_repr": "Django Unchained"
    },
    "pk": 6
},
{
    "model": "admin.logentry",
    "fields": {
        "change_message": "Changed name.",
        "object_id": "2",
        "user": 1,
        "action_flag": 2,
        "content_type": 9,
        "action_time": "2015-07-08T18:16:25.722Z",
        "object_repr": "Christoph Waltz"
    },
    "pk": 7
},
{
    "model": "admin.logentry",
    "fields": {
        "change_message": "",
        "object_id": "3",
        "user": 1,
        "action_flag": 3,
        "content_type": 11,
        "action_time": "2015-07-10T17:17:03.218Z",
        "object_repr": "bob"
    },
    "pk": 8
},
{
    "model": "admin.logentry",
    "fields": {
        "change_message": "",
        "object_id": "2",
        "user": 1,
        "action_flag": 1,
        "content_type": 7,
        "action_time": "2015-07-10T18:39:19.901Z",
        "object_repr": "Terry Gilliam"
    },
    "pk": 9
},
{
    "model": "admin.logentry",
    "fields": {
        "change_message": "",
        "object_id": "2",
        "user": 1,
        "action_flag": 1,
        "content_type": 8,
        "action_time": "2015-07-10T18:39:37.037Z",
        "object_repr": "Graham Chapman"
    },
    "pk": 10
},
{
    "model": "admin.logentry",
    "fields": {
        "change_message": "",
        "object_id": "4",
        "user": 1,
        "action_flag": 1,
        "content_type": 9,
        "action_time": "2015-07-10T18:39:57.096Z",
        "object_repr": "Graham Chapman"
    },
    "pk": 11
},
{
    "model": "admin.logentry",
    "fields": {
        "change_message": "",
        "object_id": "5",
        "user": 1,
        "action_flag": 1,
        "content_type": 9,
        "action_time": "2015-07-10T18:40:04.883Z",
        "object_repr": "John Cleese"
    },
    "pk": 12
},
{
    "model": "admin.logentry",
    "fields": {
        "change_message": "",
        "object_id": "6",
        "user": 1,
        "action_flag": 1,
        "content_type": 9,
        "action_time": "2015-07-10T18:40:15.409Z",
        "object_repr": "Eric Idle"
    },
    "pk": 13
},
{
    "model": "admin.logentry",
    "fields": {
        "change_message": "",
        "object_id": "2",
        "user": 1,
        "action_flag": 1,
        "content_type": 10,
        "action_time": "2015-07-10T18:41:59.645Z",
        "object_repr": "Monty Python and the Holy Grail (1975)"
    },
    "pk": 14
},
{
    "model": "admin.logentry",
    "fields": {
        "change_message": "",
        "object_id": "3",
        "user": 1,
        "action_flag": 1,
        "content_type": 7,
        "action_time": "2015-07-10T18:50:10.171Z",
        "object_repr": "Andrew Stanton"
    },
    "pk": 15
},
{
    "model": "admin.logentry",
    "fields": {
        "change_message": "",
        "object_id": "3",
        "user": 1,
        "action_flag": 1,
        "content_type": 8,
        "action_time": "2015-07-10T18:50:22.444Z",
        "object_repr": "Andrew Stanton"
    },
    "pk": 16
},
{
    "model": "admin.logentry",
    "fields": {
        "change_message": "",
        "object_id": "7",
        "user": 1,
        "action_flag": 1,
        "content_type": 9,
        "action_time": "2015-07-10T18:50:38.757Z",
        "object_repr": "Albert Brooks"
    },
    "pk": 17
},
{
    "model": "admin.logentry",
    "fields": {
        "change_message": "",
        "object_id": "8",
        "user": 1,
        "action_flag": 1,
        "content_type": 9,
        "action_time": "2015-07-10T18:50:46.990Z",
        "object_repr": "Ellen DeGeneres"
    },
    "pk": 18
},
{
    "model": "admin.logentry",
    "fields": {
        "change_message": "",
        "object_id": "9",
        "user": 1,
        "action_flag": 1,
        "content_type": 9,
        "action_time": "2015-07-10T18:50:59.913Z",
        "object_repr": "Alexander Gould"
    },
    "pk": 19
},
{
    "model": "admin.logentry",
    "fields": {
        "change_message": "",
        "object_id": "3",
        "user": 1,
        "action_flag": 1,
        "content_type": 10,
        "action_time": "2015-07-10T18:51:14.161Z",
        "object_repr": "Finding Nemo (2003)"
    },
    "pk": 20
},
{
    "model": "admin.logentry",
    "fields": {
        "change_message": "",
        "object_id": "4",
        "user": 1,
        "action_flag": 1,
        "content_type": 7,
        "action_time": "2015-07-10T18:53:05.987Z",
        "object_repr": "Dean DeBlois"
    },
    "pk": 21
},
{
    "model": "admin.logentry",
    "fields": {
        "change_message": "",
        "object_id": "4",
        "user": 1,
        "action_flag": 1,
        "content_type": 8,
        "action_time": "2015-07-10T18:53:11.910Z",
        "object_repr": "Dean DeBlois"
    },
    "pk": 22
},
{
    "model": "admin.logentry",
    "fields": {
        "change_message": "",
        "object_id": "10",
        "user": 1,
        "action_flag": 1,
        "content_type": 9,
        "action_time": "2015-07-10T18:53:32.674Z",
        "object_repr": "Jay Baruchel"
    },
    "pk": 23
},
{
    "model": "admin.logentry",
    "fields": {
        "change_message": "",
        "object_id": "11",
        "user": 1,
        "action_flag": 1,
        "content_type": 9,
        "action_time": "2015-07-10T18:53:46.758Z",
        "object_repr": "Cate Blanchett"
    },
    "pk": 24
},
{
    "model": "admin.logentry",
    "fields": {
        "change_message": "",
        "object_id": "12",
        "user": 1,
        "action_flag": 1,
        "content_type": 9,
        "action_time": "2015-07-10T18:53:50.649Z",
        "object_repr": "Gerard Butler"
    },
    "pk": 25
},
{
    "model": "admin.logentry",
    "fields": {
        "change_message": "",
        "object_id": "4",
        "user": 1,
        "action_flag": 1,
        "content_type": 10,
        "action_time": "2015-07-10T18:53:54.802Z",
        "object_repr": "How to Train Your Dragon 2 (2014)"
    },
    "pk": 26
},
{
    "model": "admin.logentry",
    "fields": {
        "change_message": "",
        "object_id": "5",
        "user": 1,
        "action_flag": 1,
        "content_type": 7,
        "action_time": "2015-07-13T17:09:46.972Z",
        "object_repr": "Frank Darabont"
    },
    "pk": 27
},
{
    "model": "admin.logentry",
    "fields": {
        "change_message": "",
        "object_id": "5",
        "user": 1,
        "action_flag": 1,
        "content_type": 8,
        "action_time": "2015-07-13T17:09:59.390Z",
        "object_repr": "Stephen King"
    },
    "pk": 28
},
{
    "model": "admin.logentry",
    "fields": {
        "change_message": "",
        "object_id": "13",
        "user": 1,
        "action_flag": 1,
        "content_type": 9,
        "action_time": "2015-07-13T17:10:18.975Z",
        "object_repr": "Tim Robbins"
    },
    "pk": 29
},
{
    "model": "admin.logentry",
    "fields": {
        "change_message": "",
        "object_id": "14",
        "user": 1,
        "action_flag": 1,
        "content_type": 9,
        "action_time": "2015-07-13T17:10:27.781Z",
        "object_repr": "Morgan Freeman"
    },
    "pk": 30
},
{
    "model": "admin.logentry",
    "fields": {
        "change_message": "",
        "object_id": "15",
        "user": 1,
        "action_flag": 1,
        "content_type": 9,
        "action_time": "2015-07-13T17:10:46.163Z",
        "object_repr": "Bob Gunton"
    },
    "pk": 31
},
{
    "model": "admin.logentry",
    "fields": {
        "change_message": "",
        "object_id": "5",
        "user": 1,
        "action_flag": 1,
        "content_type": 10,
        "action_time": "2015-07-13T17:10:53.863Z",
        "object_repr": "The Shawshank Redemption (1994)"
    },
    "pk": 32
},
{
    "model": "admin.logentry",
    "fields": {
        "change_message": "",
        "object_id": "6",
        "user": 1,
        "action_flag": 1,
        "content_type": 7,
        "action_time": "2015-07-13T17:11:20.548Z",
        "object_repr": "Francis Ford Coppola"
    },
    "pk": 33
},
{
    "model": "admin.logentry",
    "fields": {
        "change_message": "",
        "object_id": "6",
        "user": 1,
        "action_flag": 1,
        "content_type": 8,
        "action_time": "2015-07-13T17:11:43.296Z",
        "object_repr": "Mario Puzo"
    },
    "pk": 34
},
{
    "model": "admin.logentry",
    "fields": {
        "change_message": "",
        "object_id": "16",
        "user": 1,
        "action_flag": 1,
        "content_type": 9,
        "action_time": "2015-07-13T17:11:57.201Z",
        "object_repr": "Marlon Brando"
    },
    "pk": 35
},
{
    "model": "admin.logentry",
    "fields": {
        "change_message": "",
        "object_id": "17",
        "user": 1,
        "action_flag": 1,
        "content_type": 9,
        "action_time": "2015-07-13T17:12:04.424Z",
        "object_repr": "Al Pacino"
    },
    "pk": 36
},
{
    "model": "admin.logentry",
    "fields": {
        "change_message": "",
        "object_id": "18",
        "user": 1,
        "action_flag": 1,
        "content_type": 9,
        "action_time": "2015-07-13T17:12:11.308Z",
        "object_repr": "James Caan"
    },
    "pk": 37
},
{
    "model": "admin.logentry",
    "fields": {
        "change_message": "",
        "object_id": "6",
        "user": 1,
        "action_flag": 1,
        "content_type": 10,
        "action_time": "2015-07-13T17:12:14.883Z",
        "object_repr": "The Godfather (1972)"
    },
    "pk": 38
},
{
    "model": "admin.logentry",
    "fields": {
        "change_message": "",
        "object_id": "7",
        "user": 1,
        "action_flag": 1,
        "content_type": 8,
        "action_time": "2015-07-13T17:12:49.460Z",
        "object_repr": "Francis Ford Coppola"
    },
    "pk": 39
},
{
    "model": "admin.logentry",
    "fields": {
        "change_message": "",
        "object_id": "19",
        "user": 1,
        "action_flag": 1,
        "content_type": 9,
        "action_time": "2015-07-13T17:13:11.880Z",
        "object_repr": "Robert De Niro"
    },
    "pk": 40
},
{
    "model": "admin.logentry",
    "fields": {
        "change_message": "",
        "object_id": "20",
        "user": 1,
        "action_flag": 1,
        "content_type": 9,
        "action_time": "2015-07-13T17:13:18.537Z",
        "object_repr": "Robert Duvall"
    },
    "pk": 41
},
{
    "model": "admin.logentry",
    "fields": {
        "change_message": "",
        "object_id": "7",
        "user": 1,
        "action_flag": 1,
        "content_type": 10,
        "action_time": "2015-07-13T17:13:23.387Z",
        "object_repr": "The Godfather: Part II (1974)"
    },
    "pk": 42
},
{
    "model": "admin.logentry",
    "fields": {
        "change_message": "",
        "object_id": "7",
        "user": 1,
        "action_flag": 1,
        "content_type": 7,
        "action_time": "2015-07-13T17:14:15.151Z",
        "object_repr": "Christopher Nolan"
    },
    "pk": 43
},
{
    "model": "admin.logentry",
    "fields": {
        "change_message": "",
        "object_id": "8",
        "user": 1,
        "action_flag": 1,
        "content_type": 8,
        "action_time": "2015-07-13T17:14:19.572Z",
        "object_repr": "Jonathan Nolan"
    },
    "pk": 44
},
{
    "model": "admin.logentry",
    "fields": {
        "change_message": "",
        "object_id": "21",
        "user": 1,
        "action_flag": 1,
        "content_type": 9,
        "action_time": "2015-07-13T17:14:55.851Z",
        "object_repr": "Christian Bale"
    },
    "pk": 45
},
{
    "model": "admin.logentry",
    "fields": {
        "change_message": "",
        "object_id": "22",
        "user": 1,
        "action_flag": 1,
        "content_type": 9,
        "action_time": "2015-07-13T17:15:08.075Z",
        "object_repr": "Heath Ledger"
    },
    "pk": 46
},
{
    "model": "admin.logentry",
    "fields": {
        "change_message": "",
        "object_id": "23",
        "user": 1,
        "action_flag": 1,
        "content_type": 9,
        "action_time": "2015-07-13T17:15:12.692Z",
        "object_repr": "Aaron Eckhart"
    },
    "pk": 47
},
{
    "model": "admin.logentry",
    "fields": {
        "change_message": "",
        "object_id": "8",
        "user": 1,
        "action_flag": 1,
        "content_type": 10,
        "action_time": "2015-07-13T17:15:15.348Z",
        "object_repr": "The Dark Knight (2008)"
    },
    "pk": 48
},
{
    "model": "admin.logentry",
    "fields": {
        "change_message": "",
        "object_id": "24",
        "user": 1,
        "action_flag": 1,
        "content_type": 9,
        "action_time": "2015-07-13T17:16:30.397Z",
        "object_repr": "John Travolta"
    },
    "pk": 49
},
{
    "model": "admin.logentry",
    "fields": {
        "change_message": "",
        "object_id": "25",
        "user": 1,
        "action_flag": 1,
        "content_type": 9,
        "action_time": "2015-07-13T17:16:37.311Z",
        "object_repr": "Uma Thurman"
    },
    "pk": 50
},
{
    "model": "admin.logentry",
    "fields": {
        "change_message": "",
        "object_id": "26",
        "user": 1,
        "action_flag": 1,
        "content_type": 9,
        "action_time": "2015-07-13T17:16:42.804Z",
        "object_repr": "Samuel L. Jackson"
    },
    "pk": 51
},
{
    "model": "admin.logentry",
    "fields": {
        "change_message": "",
        "object_id": "9",
        "user": 1,
        "action_flag": 1,
        "content_type": 10,
        "action_time": "2015-07-13T17:16:47.302Z",
        "object_repr": "Pulp Fiction (1994)"
    },
    "pk": 52
},
{
    "model": "admin.logentry",
    "fields": {
        "change_message": "",
        "object_id": "8",
        "user": 1,
        "action_flag": 1,
        "content_type": 7,
        "action_time": "2015-07-13T17:17:16.278Z",
        "object_repr": "Steven Spielberg"
    },
    "pk": 53
},
{
    "model": "admin.logentry",
    "fields": {
        "change_message": "",
        "object_id": "9",
        "user": 1,
        "action_flag": 1,
        "content_type": 8,
        "action_time": "2015-07-13T17:17:34.788Z",
        "object_repr": "Thomas Keneally"
    },
    "pk": 54
},
{
    "model": "admin.logentry",
    "fields": {
        "change_message": "",
        "object_id": "27",
        "user": 1,
        "action_flag": 1,
        "content_type": 9,
        "action_time": "2015-07-13T17:17:51.666Z",
        "object_repr": "Liam Neeson"
    },
    "pk": 55
},
{
    "model": "admin.logentry",
    "fields": {
        "change_message": "",
        "object_id": "28",
        "user": 1,
        "action_flag": 1,
        "content_type": 9,
        "action_time": "2015-07-13T17:17:59.856Z",
        "object_repr": "Ralph Fiennes"
    },
    "pk": 56
},
{
    "model": "admin.logentry",
    "fields": {
        "change_message": "",
        "object_id": "29",
        "user": 1,
        "action_flag": 1,
        "content_type": 9,
        "action_time": "2015-07-13T17:18:07.741Z",
        "object_repr": "Ben Kingsley"
    },
    "pk": 57
},
{
    "model": "admin.logentry",
    "fields": {
        "change_message": "",
        "object_id": "10",
        "user": 1,
        "action_flag": 1,
        "content_type": 10,
        "action_time": "2015-07-13T17:18:15.140Z",
        "object_repr": "Schindler's List (1993)"
    },
    "pk": 58
},
{
    "model": "admin.logentry",
    "fields": {
        "change_message": "",
        "object_id": "9",
        "user": 1,
        "action_flag": 1,
        "content_type": 7,
        "action_time": "2015-07-13T17:18:37.576Z",
        "object_repr": "Sidney Lumet"
    },
    "pk": 59
},
{
    "model": "admin.logentry",
    "fields": {
        "change_message": "",
        "object_id": "10",
        "user": 1,
        "action_flag": 1,
        "content_type": 8,
        "action_time": "2015-07-13T17:18:46.925Z",
        "object_repr": "Reginald Rose"
    },
    "pk": 60
},
{
    "model": "admin.logentry",
    "fields": {
        "change_message": "",
        "object_id": "30",
        "user": 1,
        "action_flag": 1,
        "content_type": 9,
        "action_time": "2015-07-13T17:19:00.851Z",
        "object_repr": "Henry Fonda"
    },
    "pk": 61
},
{
    "model": "admin.logentry",
    "fields": {
        "change_message": "",
        "object_id": "31",
        "user": 1,
        "action_flag": 1,
        "content_type": 9,
        "action_time": "2015-07-13T17:19:10.630Z",
        "object_repr": "Lee J. Cobb"
    },
    "pk": 62
},
{
    "model": "admin.logentry",
    "fields": {
        "change_message": "",
        "object_id": "32",
        "user": 1,
        "action_flag": 1,
        "content_type": 9,
        "action_time": "2015-07-13T17:19:16.224Z",
        "object_repr": "Martin Balsam"
    },
    "pk": 63
},
{
    "model": "admin.logentry",
    "fields": {
        "change_message": "",
        "object_id": "11",
        "user": 1,
        "action_flag": 1,
        "content_type": 10,
        "action_time": "2015-07-13T17:20:40.237Z",
        "object_repr": "12 Angry Men (1957)"
    },
    "pk": 64
},
{
    "model": "admin.logentry",
    "fields": {
        "change_message": "",
        "object_id": "10",
        "user": 1,
        "action_flag": 1,
        "content_type": 7,
        "action_time": "2015-07-13T17:21:36.858Z",
        "object_repr": "Peter Jackson"
    },
    "pk": 65
},
{
    "model": "admin.logentry",
    "fields": {
        "change_message": "",
        "object_id": "11",
        "user": 1,
        "action_flag": 1,
        "content_type": 8,
        "action_time": "2015-07-13T17:21:52.815Z",
        "object_repr": "J.R.R. Tolkien"
    },
    "pk": 66
},
{
    "model": "admin.logentry",
    "fields": {
        "change_message": "",
        "object_id": "33",
        "user": 1,
        "action_flag": 1,
        "content_type": 9,
        "action_time": "2015-07-13T17:22:08.221Z",
        "object_repr": "Elijah Wood"
    },
    "pk": 67
},
{
    "model": "admin.logentry",
    "fields": {
        "change_message": "",
        "object_id": "34",
        "user": 1,
        "action_flag": 1,
        "content_type": 9,
        "action_time": "2015-07-13T17:22:20.267Z",
        "object_repr": "Viggo Mortensen"
    },
    "pk": 68
},
{
    "model": "admin.logentry",
    "fields": {
        "change_message": "",
        "object_id": "35",
        "user": 1,
        "action_flag": 1,
        "content_type": 9,
        "action_time": "2015-07-13T17:22:27.664Z",
        "object_repr": "Ian McKellen"
    },
    "pk": 69
},
{
    "model": "admin.logentry",
    "fields": {
        "change_message": "",
        "object_id": "12",
        "user": 1,
        "action_flag": 1,
        "content_type": 10,
        "action_time": "2015-07-13T17:22:34.659Z",
        "object_repr": "The Lord of the Rings: The Return of the King (2003)"
    },
    "pk": 70
},
{
    "model": "admin.logentry",
    "fields": {
        "change_message": "Changed thumbnail.",
        "object_id": "1",
        "user": 1,
        "action_flag": 2,
        "content_type": 10,
        "action_time": "2015-07-13T18:28:05.104Z",
        "object_repr": "Django Unchained (2012)"
    },
    "pk": 71
},
{
    "model": "admin.logentry",
    "fields": {
        "change_message": "Changed thumbnail.",
        "object_id": "1",
        "user": 1,
        "action_flag": 2,
        "content_type": 10,
        "action_time": "2015-07-13T18:31:05.897Z",
        "object_repr": "Django Unchained (2012)"
    },
    "pk": 72
},
{
    "model": "admin.logentry",
    "fields": {
        "change_message": "Changed thumbnail.",
        "object_id": "1",
        "user": 1,
        "action_flag": 2,
        "content_type": 10,
        "action_time": "2015-07-13T18:32:51.253Z",
        "object_repr": "Django Unchained (2012)"
    },
    "pk": 73
},
{
    "model": "admin.logentry",
    "fields": {
        "change_message": "Changed thumbnail.",
        "object_id": "1",
        "user": 1,
        "action_flag": 2,
        "content_type": 10,
        "action_time": "2015-07-13T18:35:13.706Z",
        "object_repr": "Django Unchained (2012)"
    },
    "pk": 74
},
{
    "model": "admin.logentry",
    "fields": {
        "change_message": "Changed thumbnail.",
        "object_id": "1",
        "user": 1,
        "action_flag": 2,
        "content_type": 10,
        "action_time": "2015-07-13T18:35:21.153Z",
        "object_repr": "Django Unchained (2012)"
    },
    "pk": 75
},
{
    "model": "admin.logentry",
    "fields": {
        "change_message": "Changed thumbnail.",
        "object_id": "1",
        "user": 1,
        "action_flag": 2,
        "content_type": 10,
        "action_time": "2015-07-13T18:39:41.668Z",
        "object_repr": "Django Unchained (2012)"
    },
    "pk": 76
},
{
    "model": "admin.logentry",
    "fields": {
        "change_message": "Changed thumbnail.",
        "object_id": "1",
        "user": 1,
        "action_flag": 2,
        "content_type": 10,
        "action_time": "2015-07-13T18:42:09.929Z",
        "object_repr": "Django Unchained (2012)"
    },
    "pk": 77
},
{
    "model": "admin.logentry",
    "fields": {
        "change_message": "Changed thumbnail.",
        "object_id": "1",
        "user": 1,
        "action_flag": 2,
        "content_type": 10,
        "action_time": "2015-07-13T18:42:14.342Z",
        "object_repr": "Django Unchained (2012)"
    },
    "pk": 78
},
{
    "model": "admin.logentry",
    "fields": {
        "change_message": "Changed thumbnail.",
        "object_id": "1",
        "user": 1,
        "action_flag": 2,
        "content_type": 10,
        "action_time": "2015-07-13T18:53:37.728Z",
        "object_repr": "Django Unchained (2012)"
    },
    "pk": 79
},
{
    "model": "admin.logentry",
    "fields": {
        "change_message": "Changed thumbnail.",
        "object_id": "1",
        "user": 1,
        "action_flag": 2,
        "content_type": 10,
        "action_time": "2015-07-13T19:13:46.571Z",
        "object_repr": "Django Unchained (2012)"
    },
    "pk": 80
},
{
    "model": "admin.logentry",
    "fields": {
        "change_message": "Changed thumbnail.",
        "object_id": "1",
        "user": 1,
        "action_flag": 2,
        "content_type": 10,
        "action_time": "2015-07-13T19:13:53.618Z",
        "object_repr": "Django Unchained (2012)"
    },
    "pk": 81
},
{
    "model": "admin.logentry",
    "fields": {
        "change_message": "Changed thumbnail.",
        "object_id": "1",
        "user": 1,
        "action_flag": 2,
        "content_type": 10,
        "action_time": "2015-07-13T19:14:01.281Z",
        "object_repr": "Django Unchained (2012)"
    },
    "pk": 82
},
{
    "model": "admin.logentry",
    "fields": {
        "change_message": "Changed thumbnail.",
        "object_id": "1",
        "user": 1,
        "action_flag": 2,
        "content_type": 10,
        "action_time": "2015-07-13T19:33:27.774Z",
        "object_repr": "Django Unchained (2012)"
    },
    "pk": 83
},
{
    "model": "admin.logentry",
    "fields": {
        "change_message": "Changed thumbnail.",
        "object_id": "1",
        "user": 1,
        "action_flag": 2,
        "content_type": 10,
        "action_time": "2015-07-13T19:33:36.625Z",
        "object_repr": "Django Unchained (2012)"
    },
    "pk": 84
},
{
    "model": "admin.logentry",
    "fields": {
        "change_message": "Changed thumbnail.",
        "object_id": "1",
        "user": 1,
        "action_flag": 2,
        "content_type": 10,
        "action_time": "2015-07-13T19:34:20.229Z",
        "object_repr": "Django Unchained (2012)"
    },
    "pk": 85
},
{
    "model": "admin.logentry",
    "fields": {
        "change_message": "Changed thumbnail.",
        "object_id": "1",
        "user": 1,
        "action_flag": 2,
        "content_type": 10,
        "action_time": "2015-07-13T19:34:26.845Z",
        "object_repr": "Django Unchained (2012)"
    },
    "pk": 86
},
{
    "model": "admin.logentry",
    "fields": {
        "change_message": "Changed thumbnail.",
        "object_id": "2",
        "user": 1,
        "action_flag": 2,
        "content_type": 10,
        "action_time": "2015-07-13T19:35:42.713Z",
        "object_repr": "Monty Python and the Holy Grail (1975)"
    },
    "pk": 87
},
{
    "model": "admin.logentry",
    "fields": {
        "change_message": "Changed thumbnail.",
        "object_id": "12",
        "user": 1,
        "action_flag": 2,
        "content_type": 10,
        "action_time": "2015-07-13T19:36:23.016Z",
        "object_repr": "The Lord of the Rings: The Return of the King (2003)"
    },
    "pk": 88
},
{
    "model": "admin.logentry",
    "fields": {
        "change_message": "Changed thumbnail.",
        "object_id": "11",
        "user": 1,
        "action_flag": 2,
        "content_type": 10,
        "action_time": "2015-07-13T19:36:47.795Z",
        "object_repr": "12 Angry Men (1957)"
    },
    "pk": 89
},
{
    "model": "admin.logentry",
    "fields": {
        "change_message": "Changed thumbnail.",
        "object_id": "10",
        "user": 1,
        "action_flag": 2,
        "content_type": 10,
        "action_time": "2015-07-13T19:37:10.661Z",
        "object_repr": "Schindler's List (1993)"
    },
    "pk": 90
},
{
    "model": "admin.logentry",
    "fields": {
        "change_message": "Changed thumbnail.",
        "object_id": "9",
        "user": 1,
        "action_flag": 2,
        "content_type": 10,
        "action_time": "2015-07-13T19:37:32.598Z",
        "object_repr": "Pulp Fiction (1994)"
    },
    "pk": 91
},
{
    "model": "admin.logentry",
    "fields": {
        "change_message": "Changed thumbnail.",
        "object_id": "8",
        "user": 1,
        "action_flag": 2,
        "content_type": 10,
        "action_time": "2015-07-13T19:37:53.911Z",
        "object_repr": "The Dark Knight (2008)"
    },
    "pk": 92
},
{
    "model": "admin.logentry",
    "fields": {
        "change_message": "Changed thumbnail.",
        "object_id": "7",
        "user": 1,
        "action_flag": 2,
        "content_type": 10,
        "action_time": "2015-07-13T19:38:16.917Z",
        "object_repr": "The Godfather: Part II (1974)"
    },
    "pk": 93
},
{
    "model": "admin.logentry",
    "fields": {
        "change_message": "Changed thumbnail.",
        "object_id": "6",
        "user": 1,
        "action_flag": 2,
        "content_type": 10,
        "action_time": "2015-07-13T19:39:11.863Z",
        "object_repr": "The Godfather (1972)"
    },
    "pk": 94
},
{
    "model": "admin.logentry",
    "fields": {
        "change_message": "Changed thumbnail.",
        "object_id": "5",
        "user": 1,
        "action_flag": 2,
        "content_type": 10,
        "action_time": "2015-07-13T19:39:37.872Z",
        "object_repr": "The Shawshank Redemption (1994)"
    },
    "pk": 95
},
{
    "model": "admin.logentry",
    "fields": {
        "change_message": "Changed thumbnail.",
        "object_id": "4",
        "user": 1,
        "action_flag": 2,
        "content_type": 10,
        "action_time": "2015-07-13T19:40:04.328Z",
        "object_repr": "How to Train Your Dragon 2 (2014)"
    },
    "pk": 96
},
{
    "model": "admin.logentry",
    "fields": {
        "change_message": "Changed thumbnail.",
        "object_id": "3",
        "user": 1,
        "action_flag": 2,
        "content_type": 10,
        "action_time": "2015-07-13T19:40:26.255Z",
        "object_repr": "Finding Nemo (2003)"
    },
    "pk": 97
},
{
    "model": "admin.logentry",
    "fields": {
        "change_message": "No fields changed.",
        "object_id": "2",
        "user": 1,
        "action_flag": 2,
        "content_type": 10,
        "action_time": "2015-07-13T19:40:29.535Z",
        "object_repr": "Monty Python and the Holy Grail (1975)"
    },
    "pk": 98
},
{
    "model": "admin.logentry",
    "fields": {
        "change_message": "",
        "object_id": "11",
        "user": 1,
        "action_flag": 1,
        "content_type": 7,
        "action_time": "2015-07-14T01:33:28.893Z",
        "object_repr": "Robert Zemeckis"
    },
    "pk": 99
},
{
    "model": "admin.logentry",
    "fields": {
        "change_message": "",
        "object_id": "12",
        "user": 1,
        "action_flag": 1,
        "content_type": 8,
        "action_time": "2015-07-14T01:33:32.691Z",
        "object_repr": "Robert Zemeckis"
    },
    "pk": 100
},
{
    "model": "admin.logentry",
    "fields": {
        "change_message": "",
        "object_id": "36",
        "user": 1,
        "action_flag": 1,
        "content_type": 9,
        "action_time": "2015-07-14T01:33:48.980Z",
        "object_repr": "Michael J. Fox"
    },
    "pk": 101
},
{
    "model": "admin.logentry",
    "fields": {
        "change_message": "",
        "object_id": "37",
        "user": 1,
        "action_flag": 1,
        "content_type": 9,
        "action_time": "2015-07-14T01:34:01.228Z",
        "object_repr": "Lea Thompson"
    },
    "pk": 102
},
{
    "model": "admin.logentry",
    "fields": {
        "change_message": "",
        "object_id": "38",
        "user": 1,
        "action_flag": 1,
        "content_type": 9,
        "action_time": "2015-07-14T01:34:07.226Z",
        "object_repr": "Christopher Lloyd"
    },
    "pk": 103
},
{
    "model": "admin.logentry",
    "fields": {
        "change_message": "",
        "object_id": "39",
        "user": 1,
        "action_flag": 1,
        "content_type": 9,
        "action_time": "2015-07-14T01:34:19.197Z",
        "object_repr": "Christopher Lloyd"
    },
    "pk": 104
},
{
    "model": "admin.logentry",
    "fields": {
        "change_message": "",
        "object_id": "13",
        "user": 1,
        "action_flag": 1,
        "content_type": 10,
        "action_time": "2015-07-14T01:34:57.416Z",
        "object_repr": "Back to the Future (1985)"
    },
    "pk": 105
},
{
    "model": "admin.logentry",
    "fields": {
        "change_message": "",
        "object_id": "14",
        "user": 1,
        "action_flag": 3,
        "content_type": 10,
        "action_time": "2015-07-14T19:59:25.188Z",
        "object_repr": "Jurassic Park (1993)"
    },
    "pk": 106
},
{
    "model": "admin.logentry",
    "fields": {
        "change_message": "",
        "object_id": "22",
        "user": 1,
        "action_flag": 3,
        "content_type": 10,
        "action_time": "2015-07-15T14:46:34.529Z",
        "object_repr": "Jurassic Park (1993)"
    },
    "pk": 107
},
{
    "model": "admin.logentry",
    "fields": {
        "change_message": "",
        "object_id": "21",
        "user": 1,
        "action_flag": 3,
        "content_type": 10,
        "action_time": "2015-07-15T14:46:34.543Z",
        "object_repr": "Jurassic Park (1993)"
    },
    "pk": 108
},
{
    "model": "admin.logentry",
    "fields": {
        "change_message": "",
        "object_id": "20",
        "user": 1,
        "action_flag": 3,
        "content_type": 10,
        "action_time": "2015-07-15T14:46:34.552Z",
        "object_repr": "Jurassic Park (1993)"
    },
    "pk": 109
},
{
    "model": "admin.logentry",
    "fields": {
        "change_message": "",
        "object_id": "19",
        "user": 1,
        "action_flag": 3,
        "content_type": 10,
        "action_time": "2015-07-15T14:46:34.563Z",
        "object_repr": "Jurassic Park (1993)"
    },
    "pk": 110
},
{
    "model": "admin.logentry",
    "fields": {
        "change_message": "",
        "object_id": "18",
        "user": 1,
        "action_flag": 3,
        "content_type": 10,
        "action_time": "2015-07-15T14:46:34.577Z",
        "object_repr": "Jurassic Park (1993)"
    },
    "pk": 111
},
{
    "model": "admin.logentry",
    "fields": {
        "change_message": "",
        "object_id": "17",
        "user": 1,
        "action_flag": 3,
        "content_type": 10,
        "action_time": "2015-07-15T14:46:34.595Z",
        "object_repr": "Jurassic Park (1993)"
    },
    "pk": 112
},
{
    "model": "admin.logentry",
    "fields": {
        "change_message": "",
        "object_id": "16",
        "user": 1,
        "action_flag": 3,
        "content_type": 10,
        "action_time": "2015-07-15T14:46:34.613Z",
        "object_repr": "Jurassic Park (1993)"
    },
    "pk": 113
},
{
    "model": "admin.logentry",
    "fields": {
        "change_message": "",
        "object_id": "15",
        "user": 1,
        "action_flag": 3,
        "content_type": 10,
        "action_time": "2015-07-15T14:46:34.628Z",
        "object_repr": "Jurassic Park (1993)"
    },
    "pk": 114
},
{
    "model": "admin.logentry",
    "fields": {
        "change_message": "",
        "object_id": "99",
        "user": 1,
        "action_flag": 3,
        "content_type": 9,
        "action_time": "2015-07-15T14:48:02.862Z",
        "object_repr": "Richard Attenborough"
    },
    "pk": 115
},
{
    "model": "admin.logentry",
    "fields": {
        "change_message": "",
        "object_id": "98",
        "user": 1,
        "action_flag": 3,
        "content_type": 9,
        "action_time": "2015-07-15T14:48:02.872Z",
        "object_repr": "Jeff Goldblum"
    },
    "pk": 116
},
{
    "model": "admin.logentry",
    "fields": {
        "change_message": "",
        "object_id": "97",
        "user": 1,
        "action_flag": 3,
        "content_type": 9,
        "action_time": "2015-07-15T14:48:02.878Z",
        "object_repr": "Laura Dern"
    },
    "pk": 117
},
{
    "model": "admin.logentry",
    "fields": {
        "change_message": "",
        "object_id": "96",
        "user": 1,
        "action_flag": 3,
        "content_type": 9,
        "action_time": "2015-07-15T14:48:02.885Z",
        "object_repr": "Sam Neill"
    },
    "pk": 118
},
{
    "model": "admin.logentry",
    "fields": {
        "change_message": "",
        "object_id": "95",
        "user": 1,
        "action_flag": 3,
        "content_type": 9,
        "action_time": "2015-07-15T14:48:02.893Z",
        "object_repr": "Richard Attenborough"
    },
    "pk": 119
},
{
    "model": "admin.logentry",
    "fields": {
        "change_message": "",
        "object_id": "94",
        "user": 1,
        "action_flag": 3,
        "content_type": 9,
        "action_time": "2015-07-15T14:48:02.900Z",
        "object_repr": "Jeff Goldblum"
    },
    "pk": 120
},
{
    "model": "admin.logentry",
    "fields": {
        "change_message": "",
        "object_id": "93",
        "user": 1,
        "action_flag": 3,
        "content_type": 9,
        "action_time": "2015-07-15T14:48:02.906Z",
        "object_repr": "Laura Dern"
    },
    "pk": 121
},
{
    "model": "admin.logentry",
    "fields": {
        "change_message": "",
        "object_id": "92",
        "user": 1,
        "action_flag": 3,
        "content_type": 9,
        "action_time": "2015-07-15T14:48:02.914Z",
        "object_repr": "Sam Neill"
    },
    "pk": 122
},
{
    "model": "admin.logentry",
    "fields": {
        "change_message": "",
        "object_id": "91",
        "user": 1,
        "action_flag": 3,
        "content_type": 9,
        "action_time": "2015-07-15T14:48:02.921Z",
        "object_repr": "Richard Attenborough"
    },
    "pk": 123
},
{
    "model": "admin.logentry",
    "fields": {
        "change_message": "",
        "object_id": "90",
        "user": 1,
        "action_flag": 3,
        "content_type": 9,
        "action_time": "2015-07-15T14:48:02.928Z",
        "object_repr": "Jeff Goldblum"
    },
    "pk": 124
},
{
    "model": "admin.logentry",
    "fields": {
        "change_message": "",
        "object_id": "89",
        "user": 1,
        "action_flag": 3,
        "content_type": 9,
        "action_time": "2015-07-15T14:48:02.935Z",
        "object_repr": "Laura Dern"
    },
    "pk": 125
},
{
    "model": "admin.logentry",
    "fields": {
        "change_message": "",
        "object_id": "88",
        "user": 1,
        "action_flag": 3,
        "content_type": 9,
        "action_time": "2015-07-15T14:48:02.941Z",
        "object_repr": "Sam Neill"
    },
    "pk": 126
},
{
    "model": "admin.logentry",
    "fields": {
        "change_message": "",
        "object_id": "87",
        "user": 1,
        "action_flag": 3,
        "content_type": 9,
        "action_time": "2015-07-15T14:48:02.947Z",
        "object_repr": "Richard Attenborough"
    },
    "pk": 127
},
{
    "model": "admin.logentry",
    "fields": {
        "change_message": "",
        "object_id": "86",
        "user": 1,
        "action_flag": 3,
        "content_type": 9,
        "action_time": "2015-07-15T14:48:02.954Z",
        "object_repr": "Jeff Goldblum"
    },
    "pk": 128
},
{
    "model": "admin.logentry",
    "fields": {
        "change_message": "",
        "object_id": "85",
        "user": 1,
        "action_flag": 3,
        "content_type": 9,
        "action_time": "2015-07-15T14:48:02.962Z",
        "object_repr": "Laura Dern"
    },
    "pk": 129
},
{
    "model": "admin.logentry",
    "fields": {
        "change_message": "",
        "object_id": "84",
        "user": 1,
        "action_flag": 3,
        "content_type": 9,
        "action_time": "2015-07-15T14:48:02.969Z",
        "object_repr": "Sam Neill"
    },
    "pk": 130
},
{
    "model": "admin.logentry",
    "fields": {
        "change_message": "",
        "object_id": "83",
        "user": 1,
        "action_flag": 3,
        "content_type": 9,
        "action_time": "2015-07-15T14:48:02.975Z",
        "object_repr": "Richard Attenborough"
    },
    "pk": 131
},
{
    "model": "admin.logentry",
    "fields": {
        "change_message": "",
        "object_id": "82",
        "user": 1,
        "action_flag": 3,
        "content_type": 9,
        "action_time": "2015-07-15T14:48:02.981Z",
        "object_repr": "Jeff Goldblum"
    },
    "pk": 132
},
{
    "model": "admin.logentry",
    "fields": {
        "change_message": "",
        "object_id": "81",
        "user": 1,
        "action_flag": 3,
        "content_type": 9,
        "action_time": "2015-07-15T14:48:02.988Z",
        "object_repr": "Laura Dern"
    },
    "pk": 133
},
{
    "model": "admin.logentry",
    "fields": {
        "change_message": "",
        "object_id": "80",
        "user": 1,
        "action_flag": 3,
        "content_type": 9,
        "action_time": "2015-07-15T14:48:02.995Z",
        "object_repr": "Sam Neill"
    },
    "pk": 134
},
{
    "model": "admin.logentry",
    "fields": {
        "change_message": "",
        "object_id": "79",
        "user": 1,
        "action_flag": 3,
        "content_type": 9,
        "action_time": "2015-07-15T14:48:03.001Z",
        "object_repr": "Richard Attenborough"
    },
    "pk": 135
},
{
    "model": "admin.logentry",
    "fields": {
        "change_message": "",
        "object_id": "78",
        "user": 1,
        "action_flag": 3,
        "content_type": 9,
        "action_time": "2015-07-15T14:48:03.007Z",
        "object_repr": "Jeff Goldblum"
    },
    "pk": 136
},
{
    "model": "admin.logentry",
    "fields": {
        "change_message": "",
        "object_id": "77",
        "user": 1,
        "action_flag": 3,
        "content_type": 9,
        "action_time": "2015-07-15T14:48:03.013Z",
        "object_repr": "Laura Dern"
    },
    "pk": 137
},
{
    "model": "admin.logentry",
    "fields": {
        "change_message": "",
        "object_id": "76",
        "user": 1,
        "action_flag": 3,
        "content_type": 9,
        "action_time": "2015-07-15T14:48:03.023Z",
        "object_repr": "Sam Neill"
    },
    "pk": 138
},
{
    "model": "admin.logentry",
    "fields": {
        "change_message": "",
        "object_id": "75",
        "user": 1,
        "action_flag": 3,
        "content_type": 9,
        "action_time": "2015-07-15T14:48:03.034Z",
        "object_repr": ""
    },
    "pk": 139
},
{
    "model": "admin.logentry",
    "fields": {
        "change_message": "",
        "object_id": "74",
        "user": 1,
        "action_flag": 3,
        "content_type": 9,
        "action_time": "2015-07-15T14:48:03.044Z",
        "object_repr": ""
    },
    "pk": 140
},
{
    "model": "admin.logentry",
    "fields": {
        "change_message": "",
        "object_id": "73",
        "user": 1,
        "action_flag": 3,
        "content_type": 9,
        "action_time": "2015-07-15T14:48:03.055Z",
        "object_repr": ""
    },
    "pk": 141
},
{
    "model": "admin.logentry",
    "fields": {
        "change_message": "",
        "object_id": "72",
        "user": 1,
        "action_flag": 3,
        "content_type": 9,
        "action_time": "2015-07-15T14:48:03.065Z",
        "object_repr": ""
    },
    "pk": 142
},
{
    "model": "admin.logentry",
    "fields": {
        "change_message": "",
        "object_id": "71",
        "user": 1,
        "action_flag": 3,
        "content_type": 9,
        "action_time": "2015-07-15T14:48:03.075Z",
        "object_repr": ""
    },
    "pk": 143
},
{
    "model": "admin.logentry",
    "fields": {
        "change_message": "",
        "object_id": "70",
        "user": 1,
        "action_flag": 3,
        "content_type": 9,
        "action_time": "2015-07-15T14:48:03.085Z",
        "object_repr": ""
    },
    "pk": 144
},
{
    "model": "admin.logentry",
    "fields": {
        "change_message": "",
        "object_id": "69",
        "user": 1,
        "action_flag": 3,
        "content_type": 9,
        "action_time": "2015-07-15T14:48:03.094Z",
        "object_repr": ""
    },
    "pk": 145
},
{
    "model": "admin.logentry",
    "fields": {
        "change_message": "",
        "object_id": "68",
        "user": 1,
        "action_flag": 3,
        "content_type": 9,
        "action_time": "2015-07-15T14:48:03.103Z",
        "object_repr": ""
    },
    "pk": 146
},
{
    "model": "admin.logentry",
    "fields": {
        "change_message": "",
        "object_id": "67",
        "user": 1,
        "action_flag": 3,
        "content_type": 9,
        "action_time": "2015-07-15T14:48:03.112Z",
        "object_repr": ""
    },
    "pk": 147
},
{
    "model": "admin.logentry",
    "fields": {
        "change_message": "",
        "object_id": "66",
        "user": 1,
        "action_flag": 3,
        "content_type": 9,
        "action_time": "2015-07-15T14:48:03.124Z",
        "object_repr": ""
    },
    "pk": 148
},
{
    "model": "admin.logentry",
    "fields": {
        "change_message": "",
        "object_id": "65",
        "user": 1,
        "action_flag": 3,
        "content_type": 9,
        "action_time": "2015-07-15T14:48:03.136Z",
        "object_repr": ""
    },
    "pk": 149
},
{
    "model": "admin.logentry",
    "fields": {
        "change_message": "",
        "object_id": "64",
        "user": 1,
        "action_flag": 3,
        "content_type": 9,
        "action_time": "2015-07-15T14:48:03.148Z",
        "object_repr": ""
    },
    "pk": 150
},
{
    "model": "admin.logentry",
    "fields": {
        "change_message": "",
        "object_id": "63",
        "user": 1,
        "action_flag": 3,
        "content_type": 9,
        "action_time": "2015-07-15T14:48:03.158Z",
        "object_repr": ""
    },
    "pk": 151
},
{
    "model": "admin.logentry",
    "fields": {
        "change_message": "",
        "object_id": "62",
        "user": 1,
        "action_flag": 3,
        "content_type": 9,
        "action_time": "2015-07-15T14:48:03.169Z",
        "object_repr": ""
    },
    "pk": 152
},
{
    "model": "admin.logentry",
    "fields": {
        "change_message": "",
        "object_id": "61",
        "user": 1,
        "action_flag": 3,
        "content_type": 9,
        "action_time": "2015-07-15T14:48:03.179Z",
        "object_repr": ""
    },
    "pk": 153
},
{
    "model": "admin.logentry",
    "fields": {
        "change_message": "",
        "object_id": "60",
        "user": 1,
        "action_flag": 3,
        "content_type": 9,
        "action_time": "2015-07-15T14:48:03.189Z",
        "object_repr": ""
    },
    "pk": 154
},
{
    "model": "admin.logentry",
    "fields": {
        "change_message": "",
        "object_id": "59",
        "user": 1,
        "action_flag": 3,
        "content_type": 9,
        "action_time": "2015-07-15T14:48:03.201Z",
        "object_repr": ""
    },
    "pk": 155
},
{
    "model": "admin.logentry",
    "fields": {
        "change_message": "",
        "object_id": "58",
        "user": 1,
        "action_flag": 3,
        "content_type": 9,
        "action_time": "2015-07-15T14:48:03.211Z",
        "object_repr": ""
    },
    "pk": 156
},
{
    "model": "admin.logentry",
    "fields": {
        "change_message": "",
        "object_id": "57",
        "user": 1,
        "action_flag": 3,
        "content_type": 9,
        "action_time": "2015-07-15T14:48:03.221Z",
        "object_repr": ""
    },
    "pk": 157
},
{
    "model": "admin.logentry",
    "fields": {
        "change_message": "",
        "object_id": "56",
        "user": 1,
        "action_flag": 3,
        "content_type": 9,
        "action_time": "2015-07-15T14:48:03.231Z",
        "object_repr": ""
    },
    "pk": 158
},
{
    "model": "admin.logentry",
    "fields": {
        "change_message": "",
        "object_id": "55",
        "user": 1,
        "action_flag": 3,
        "content_type": 9,
        "action_time": "2015-07-15T14:48:03.242Z",
        "object_repr": ""
    },
    "pk": 159
},
{
    "model": "admin.logentry",
    "fields": {
        "change_message": "",
        "object_id": "54",
        "user": 1,
        "action_flag": 3,
        "content_type": 9,
        "action_time": "2015-07-15T14:48:03.252Z",
        "object_repr": ""
    },
    "pk": 160
},
{
    "model": "admin.logentry",
    "fields": {
        "change_message": "",
        "object_id": "53",
        "user": 1,
        "action_flag": 3,
        "content_type": 9,
        "action_time": "2015-07-15T14:48:03.262Z",
        "object_repr": ""
    },
    "pk": 161
},
{
    "model": "admin.logentry",
    "fields": {
        "change_message": "",
        "object_id": "52",
        "user": 1,
        "action_flag": 3,
        "content_type": 9,
        "action_time": "2015-07-15T14:48:03.271Z",
        "object_repr": ""
    },
    "pk": 162
},
{
    "model": "admin.logentry",
    "fields": {
        "change_message": "",
        "object_id": "51",
        "user": 1,
        "action_flag": 3,
        "content_type": 9,
        "action_time": "2015-07-15T14:48:03.281Z",
        "object_repr": ""
    },
    "pk": 163
},
{
    "model": "admin.logentry",
    "fields": {
        "change_message": "",
        "object_id": "50",
        "user": 1,
        "action_flag": 3,
        "content_type": 9,
        "action_time": "2015-07-15T14:48:03.290Z",
        "object_repr": ""
    },
    "pk": 164
},
{
    "model": "admin.logentry",
    "fields": {
        "change_message": "",
        "object_id": "49",
        "user": 1,
        "action_flag": 3,
        "content_type": 9,
        "action_time": "2015-07-15T14:48:03.297Z",
        "object_repr": ""
    },
    "pk": 165
},
{
    "model": "admin.logentry",
    "fields": {
        "change_message": "",
        "object_id": "48",
        "user": 1,
        "action_flag": 3,
        "content_type": 9,
        "action_time": "2015-07-15T14:48:03.304Z",
        "object_repr": ""
    },
    "pk": 166
},
{
    "model": "admin.logentry",
    "fields": {
        "change_message": "",
        "object_id": "47",
        "user": 1,
        "action_flag": 3,
        "content_type": 9,
        "action_time": "2015-07-15T14:48:03.310Z",
        "object_repr": ""
    },
    "pk": 167
},
{
    "model": "admin.logentry",
    "fields": {
        "change_message": "",
        "object_id": "46",
        "user": 1,
        "action_flag": 3,
        "content_type": 9,
        "action_time": "2015-07-15T14:48:03.317Z",
        "object_repr": ""
    },
    "pk": 168
},
{
    "model": "admin.logentry",
    "fields": {
        "change_message": "",
        "object_id": "45",
        "user": 1,
        "action_flag": 3,
        "content_type": 9,
        "action_time": "2015-07-15T14:48:03.324Z",
        "object_repr": ""
    },
    "pk": 169
},
{
    "model": "admin.logentry",
    "fields": {
        "change_message": "",
        "object_id": "44",
        "user": 1,
        "action_flag": 3,
        "content_type": 9,
        "action_time": "2015-07-15T14:48:03.332Z",
        "object_repr": ""
    },
    "pk": 170
},
{
    "model": "admin.logentry",
    "fields": {
        "change_message": "",
        "object_id": "43",
        "user": 1,
        "action_flag": 3,
        "content_type": 9,
        "action_time": "2015-07-15T14:48:03.339Z",
        "object_repr": ""
    },
    "pk": 171
},
{
    "model": "admin.logentry",
    "fields": {
        "change_message": "",
        "object_id": "42",
        "user": 1,
        "action_flag": 3,
        "content_type": 9,
        "action_time": "2015-07-15T14:48:03.345Z",
        "object_repr": ""
    },
    "pk": 172
},
{
    "model": "admin.logentry",
    "fields": {
        "change_message": "",
        "object_id": "41",
        "user": 1,
        "action_flag": 3,
        "content_type": 9,
        "action_time": "2015-07-15T14:48:03.351Z",
        "object_repr": ""
    },
    "pk": 173
},
{
    "model": "admin.logentry",
    "fields": {
        "change_message": "",
        "object_id": "40",
        "user": 1,
        "action_flag": 3,
        "content_type": 9,
        "action_time": "2015-07-15T14:48:03.360Z",
        "object_repr": ""
    },
    "pk": 174
},
{
    "model": "admin.logentry",
    "fields": {
        "change_message": "",
        "object_id": "39",
        "user": 1,
        "action_flag": 3,
        "content_type": 9,
        "action_time": "2015-07-15T14:48:03.366Z",
        "object_repr": "Christopher Lloyd"
    },
    "pk": 175
},
{
    "model": "admin.logentry",
    "fields": {
        "change_message": "",
        "object_id": "34",
        "user": 1,
        "action_flag": 3,
        "content_type": 7,
        "action_time": "2015-07-15T14:49:02.690Z",
        "object_repr": "Steven Spielberg"
    },
    "pk": 176
},
{
    "model": "admin.logentry",
    "fields": {
        "change_message": "",
        "object_id": "33",
        "user": 1,
        "action_flag": 3,
        "content_type": 7,
        "action_time": "2015-07-15T14:49:02.701Z",
        "object_repr": "Steven Spielberg"
    },
    "pk": 177
},
{
    "model": "admin.logentry",
    "fields": {
        "change_message": "",
        "object_id": "32",
        "user": 1,
        "action_flag": 3,
        "content_type": 7,
        "action_time": "2015-07-15T14:49:02.707Z",
        "object_repr": "Steven Spielberg"
    },
    "pk": 178
},
{
    "model": "admin.logentry",
    "fields": {
        "change_message": "",
        "object_id": "31",
        "user": 1,
        "action_flag": 3,
        "content_type": 7,
        "action_time": "2015-07-15T14:49:02.714Z",
        "object_repr": "Steven Spielberg"
    },
    "pk": 179
},
{
    "model": "admin.logentry",
    "fields": {
        "change_message": "",
        "object_id": "30",
        "user": 1,
        "action_flag": 3,
        "content_type": 7,
        "action_time": "2015-07-15T14:49:02.721Z",
        "object_repr": "Steven Spielberg"
    },
    "pk": 180
},
{
    "model": "admin.logentry",
    "fields": {
        "change_message": "",
        "object_id": "29",
        "user": 1,
        "action_flag": 3,
        "content_type": 7,
        "action_time": "2015-07-15T14:49:02.729Z",
        "object_repr": "Steven Spielberg"
    },
    "pk": 181
},
{
    "model": "admin.logentry",
    "fields": {
        "change_message": "",
        "object_id": "28",
        "user": 1,
        "action_flag": 3,
        "content_type": 7,
        "action_time": "2015-07-15T14:49:02.735Z",
        "object_repr": "Steven Spielberg"
    },
    "pk": 182
},
{
    "model": "admin.logentry",
    "fields": {
        "change_message": "",
        "object_id": "27",
        "user": 1,
        "action_flag": 3,
        "content_type": 7,
        "action_time": "2015-07-15T14:49:02.746Z",
        "object_repr": "Steven Spielberg"
    },
    "pk": 183
},
{
    "model": "admin.logentry",
    "fields": {
        "change_message": "",
        "object_id": "26",
        "user": 1,
        "action_flag": 3,
        "content_type": 7,
        "action_time": "2015-07-15T14:49:02.758Z",
        "object_repr": "Steven Spielberg"
    },
    "pk": 184
},
{
    "model": "admin.logentry",
    "fields": {
        "change_message": "",
        "object_id": "25",
        "user": 1,
        "action_flag": 3,
        "content_type": 7,
        "action_time": "2015-07-15T14:49:02.768Z",
        "object_repr": "Steven Spielberg"
    },
    "pk": 185
},
{
    "model": "admin.logentry",
    "fields": {
        "change_message": "",
        "object_id": "24",
        "user": 1,
        "action_flag": 3,
        "content_type": 7,
        "action_time": "2015-07-15T14:49:02.779Z",
        "object_repr": "Steven Spielberg"
    },
    "pk": 186
},
{
    "model": "admin.logentry",
    "fields": {
        "change_message": "",
        "object_id": "23",
        "user": 1,
        "action_flag": 3,
        "content_type": 7,
        "action_time": "2015-07-15T14:49:02.790Z",
        "object_repr": "Steven Spielberg"
    },
    "pk": 187
},
{
    "model": "admin.logentry",
    "fields": {
        "change_message": "",
        "object_id": "22",
        "user": 1,
        "action_flag": 3,
        "content_type": 7,
        "action_time": "2015-07-15T14:49:02.802Z",
        "object_repr": "Steven Spielberg"
    },
    "pk": 188
},
{
    "model": "admin.logentry",
    "fields": {
        "change_message": "",
        "object_id": "21",
        "user": 1,
        "action_flag": 3,
        "content_type": 7,
        "action_time": "2015-07-15T14:49:02.812Z",
        "object_repr": "Christopher Nolan"
    },
    "pk": 189
},
{
    "model": "admin.logentry",
    "fields": {
        "change_message": "",
        "object_id": "20",
        "user": 1,
        "action_flag": 3,
        "content_type": 7,
        "action_time": "2015-07-15T14:49:02.823Z",
        "object_repr": "Steven Spielberg"
    },
    "pk": 190
},
{
    "model": "admin.logentry",
    "fields": {
        "change_message": "",
        "object_id": "19",
        "user": 1,
        "action_flag": 3,
        "content_type": 7,
        "action_time": "2015-07-15T14:49:02.834Z",
        "object_repr": "Steven Spielberg"
    },
    "pk": 191
},
{
    "model": "admin.logentry",
    "fields": {
        "change_message": "",
        "object_id": "18",
        "user": 1,
        "action_flag": 3,
        "content_type": 7,
        "action_time": "2015-07-15T14:49:02.844Z",
        "object_repr": "Steven Spielberg"
    },
    "pk": 192
},
{
    "model": "admin.logentry",
    "fields": {
        "change_message": "",
        "object_id": "17",
        "user": 1,
        "action_flag": 3,
        "content_type": 7,
        "action_time": "2015-07-15T14:49:02.853Z",
        "object_repr": "Steven Spielberg"
    },
    "pk": 193
},
{
    "model": "admin.logentry",
    "fields": {
        "change_message": "",
        "object_id": "16",
        "user": 1,
        "action_flag": 3,
        "content_type": 7,
        "action_time": "2015-07-15T14:49:02.864Z",
        "object_repr": "Steven Spielberg"
    },
    "pk": 194
},
{
    "model": "admin.logentry",
    "fields": {
        "change_message": "",
        "object_id": "15",
        "user": 1,
        "action_flag": 3,
        "content_type": 7,
        "action_time": "2015-07-15T14:49:02.874Z",
        "object_repr": "Steven Spielberg"
    },
    "pk": 195
},
{
    "model": "admin.logentry",
    "fields": {
        "change_message": "",
        "object_id": "14",
        "user": 1,
        "action_flag": 3,
        "content_type": 7,
        "action_time": "2015-07-15T14:49:02.884Z",
        "object_repr": "Steven Spielberg"
    },
    "pk": 196
},
{
    "model": "admin.logentry",
    "fields": {
        "change_message": "",
        "object_id": "13",
        "user": 1,
        "action_flag": 3,
        "content_type": 7,
        "action_time": "2015-07-15T14:49:02.895Z",
        "object_repr": "Steven Spielberg"
    },
    "pk": 197
},
{
    "model": "admin.logentry",
    "fields": {
        "change_message": "",
        "object_id": "12",
        "user": 1,
        "action_flag": 3,
        "content_type": 7,
        "action_time": "2015-07-15T14:49:02.904Z",
        "object_repr": "Steven Spielberg"
    },
    "pk": 198
},
{
    "model": "admin.logentry",
    "fields": {
        "change_message": "",
        "object_id": "35",
        "user": 1,
        "action_flag": 3,
        "content_type": 8,
        "action_time": "2015-07-15T14:49:31.261Z",
        "object_repr": "Michael Crichton (novel), Michael Crichton (screenplay), David Koepp (screenplay)"
    },
    "pk": 199
},
{
    "model": "admin.logentry",
    "fields": {
        "change_message": "",
        "object_id": "34",
        "user": 1,
        "action_flag": 3,
        "content_type": 8,
        "action_time": "2015-07-15T14:49:31.270Z",
        "object_repr": "Michael Crichton (novel), Michael Crichton (screenplay), David Koepp (screenplay)"
    },
    "pk": 200
},
{
    "model": "admin.logentry",
    "fields": {
        "change_message": "",
        "object_id": "33",
        "user": 1,
        "action_flag": 3,
        "content_type": 8,
        "action_time": "2015-07-15T14:49:31.280Z",
        "object_repr": "Michael Crichton (novel), Michael Crichton (screenplay), David Koepp (screenplay)"
    },
    "pk": 201
},
{
    "model": "admin.logentry",
    "fields": {
        "change_message": "",
        "object_id": "32",
        "user": 1,
        "action_flag": 3,
        "content_type": 8,
        "action_time": "2015-07-15T14:49:31.289Z",
        "object_repr": "Michael Crichton (novel), Michael Crichton (screenplay), David Koepp (screenplay)"
    },
    "pk": 202
},
{
    "model": "admin.logentry",
    "fields": {
        "change_message": "",
        "object_id": "31",
        "user": 1,
        "action_flag": 3,
        "content_type": 8,
        "action_time": "2015-07-15T14:49:31.300Z",
        "object_repr": "Michael Crichton (novel), Michael Crichton (screenplay), David Koepp (screenplay)"
    },
    "pk": 203
},
{
    "model": "admin.logentry",
    "fields": {
        "change_message": "",
        "object_id": "30",
        "user": 1,
        "action_flag": 3,
        "content_type": 8,
        "action_time": "2015-07-15T14:49:31.311Z",
        "object_repr": "Michael Crichton (novel), Michael Crichton (screenplay), David Koepp (screenplay)"
    },
    "pk": 204
},
{
    "model": "admin.logentry",
    "fields": {
        "change_message": "",
        "object_id": "29",
        "user": 1,
        "action_flag": 3,
        "content_type": 8,
        "action_time": "2015-07-15T14:49:31.320Z",
        "object_repr": "Michael Crichton (novel), Michael Crichton (screenplay), David Koepp (screenplay)"
    },
    "pk": 205
},
{
    "model": "admin.logentry",
    "fields": {
        "change_message": "",
        "object_id": "28",
        "user": 1,
        "action_flag": 3,
        "content_type": 8,
        "action_time": "2015-07-15T14:49:31.330Z",
        "object_repr": "Michael Crichton (novel), Michael Crichton (screenplay), David Koepp (screenplay)"
    },
    "pk": 206
},
{
    "model": "admin.logentry",
    "fields": {
        "change_message": "",
        "object_id": "27",
        "user": 1,
        "action_flag": 3,
        "content_type": 8,
        "action_time": "2015-07-15T14:49:31.341Z",
        "object_repr": "Michael Crichton (novel), Michael Crichton (screenplay), David Koepp (screenplay)"
    },
    "pk": 207
},
{
    "model": "admin.logentry",
    "fields": {
        "change_message": "",
        "object_id": "26",
        "user": 1,
        "action_flag": 3,
        "content_type": 8,
        "action_time": "2015-07-15T14:49:31.352Z",
        "object_repr": "Michael Crichton (novel), Michael Crichton (screenplay), David Koepp (screenplay)"
    },
    "pk": 208
},
{
    "model": "admin.logentry",
    "fields": {
        "change_message": "",
        "object_id": "25",
        "user": 1,
        "action_flag": 3,
        "content_type": 8,
        "action_time": "2015-07-15T14:49:31.365Z",
        "object_repr": "Michael Crichton (novel), Michael Crichton (screenplay), David Koepp (screenplay)"
    },
    "pk": 209
},
{
    "model": "admin.logentry",
    "fields": {
        "change_message": "",
        "object_id": "24",
        "user": 1,
        "action_flag": 3,
        "content_type": 8,
        "action_time": "2015-07-15T14:49:31.375Z",
        "object_repr": "Michael Crichton (novel), Michael Crichton (screenplay), David Koepp (screenplay)"
    },
    "pk": 210
},
{
    "model": "admin.logentry",
    "fields": {
        "change_message": "",
        "object_id": "23",
        "user": 1,
        "action_flag": 3,
        "content_type": 8,
        "action_time": "2015-07-15T14:49:31.385Z",
        "object_repr": "Michael Crichton (novel), Michael Crichton (screenplay), David Koepp (screenplay)"
    },
    "pk": 211
},
{
    "model": "admin.logentry",
    "fields": {
        "change_message": "",
        "object_id": "22",
        "user": 1,
        "action_flag": 3,
        "content_type": 8,
        "action_time": "2015-07-15T14:49:31.395Z",
        "object_repr": "Jonathan Nolan (screenplay), Christopher Nolan (screenplay), Christopher Nolan (story), David S. Goyer (story), Bob Kane (characters)"
    },
    "pk": 212
},
{
    "model": "admin.logentry",
    "fields": {
        "change_message": "",
        "object_id": "21",
        "user": 1,
        "action_flag": 3,
        "content_type": 8,
        "action_time": "2015-07-15T14:49:31.406Z",
        "object_repr": "Michael Crichton (novel), Michael Crichton (screenplay), David Koepp (screenplay)"
    },
    "pk": 213
},
{
    "model": "admin.logentry",
    "fields": {
        "change_message": "",
        "object_id": "20",
        "user": 1,
        "action_flag": 3,
        "content_type": 8,
        "action_time": "2015-07-15T14:49:31.415Z",
        "object_repr": "Michael Crichton (novel), Michael Crichton (screenplay), David Koepp (screenplay)"
    },
    "pk": 214
},
{
    "model": "admin.logentry",
    "fields": {
        "change_message": "",
        "object_id": "19",
        "user": 1,
        "action_flag": 3,
        "content_type": 8,
        "action_time": "2015-07-15T14:49:31.425Z",
        "object_repr": "Michael Crichton (novel), Michael Crichton (screenplay), David Koepp (screenplay)"
    },
    "pk": 215
},
{
    "model": "admin.logentry",
    "fields": {
        "change_message": "",
        "object_id": "18",
        "user": 1,
        "action_flag": 3,
        "content_type": 8,
        "action_time": "2015-07-15T14:49:31.435Z",
        "object_repr": "Michael Crichton (novel), Michael Crichton (screenplay), David Koepp (screenplay)"
    },
    "pk": 216
},
{
    "model": "admin.logentry",
    "fields": {
        "change_message": "",
        "object_id": "17",
        "user": 1,
        "action_flag": 3,
        "content_type": 8,
        "action_time": "2015-07-15T14:49:31.445Z",
        "object_repr": "Michael Crichton (novel), Michael Crichton (screenplay), David Koepp (screenplay)"
    },
    "pk": 217
},
{
    "model": "admin.logentry",
    "fields": {
        "change_message": "",
        "object_id": "16",
        "user": 1,
        "action_flag": 3,
        "content_type": 8,
        "action_time": "2015-07-15T14:49:31.456Z",
        "object_repr": "Michael Crichton (novel), Michael Crichton (screenplay), David Koepp (screenplay)"
    },
    "pk": 218
},
{
    "model": "admin.logentry",
    "fields": {
        "change_message": "",
        "object_id": "15",
        "user": 1,
        "action_flag": 3,
        "content_type": 8,
        "action_time": "2015-07-15T14:49:31.467Z",
        "object_repr": "Michael Crichton (novel), Michael Crichton (screenplay), David Koepp (screenplay)"
    },
    "pk": 219
},
{
    "model": "admin.logentry",
    "fields": {
        "change_message": "",
        "object_id": "14",
        "user": 1,
        "action_flag": 3,
        "content_type": 8,
        "action_time": "2015-07-15T14:49:31.477Z",
        "object_repr": "Michael Crichton (novel), Michael Crichton (screenplay), David Koepp (screenplay)"
    },
    "pk": 220
},
{
    "model": "admin.logentry",
    "fields": {
        "change_message": "",
        "object_id": "13",
        "user": 1,
        "action_flag": 3,
        "content_type": 8,
        "action_time": "2015-07-15T14:49:31.487Z",
        "object_repr": "Michael Crichton (novel), Michael Crichton (screenplay), David Koepp (screenplay)"
    },
    "pk": 221
},
{
    "model": "admin.logentry",
    "fields": {
        "change_message": "",
        "object_id": "24",
        "user": 1,
        "action_flag": 3,
        "content_type": 10,
        "action_time": "2015-07-15T14:50:59.100Z",
        "object_repr": "Napoleon Dynamite (2004)"
    },
    "pk": 222
},
{
    "model": "admin.logentry",
    "fields": {
        "change_message": "",
        "object_id": "23",
        "user": 1,
        "action_flag": 3,
        "content_type": 10,
        "action_time": "2015-07-15T14:50:59.111Z",
        "object_repr": "Napoleon Dynamite (2004)"
    },
    "pk": 223
},
{
    "model": "admin.logentry",
    "fields": {
        "change_message": "",
        "object_id": "25",
        "user": 1,
        "action_flag": 3,
        "content_type": 10,
        "action_time": "2015-07-15T14:55:26.770Z",
        "object_repr": "Jurassic Park (1993)"
    },
    "pk": 224
},
{
    "model": "admin.logentry",
    "fields": {
        "change_message": "",
        "object_id": "111",
        "user": 1,
        "action_flag": 3,
        "content_type": 9,
        "action_time": "2015-07-15T14:56:13.905Z",
        "object_repr": "Richard Attenborough"
    },
    "pk": 225
},
{
    "model": "admin.logentry",
    "fields": {
        "change_message": "",
        "object_id": "110",
        "user": 1,
        "action_flag": 3,
        "content_type": 9,
        "action_time": "2015-07-15T14:56:13.916Z",
        "object_repr": "Jeff Goldblum"
    },
    "pk": 226
},
{
    "model": "admin.logentry",
    "fields": {
        "change_message": "",
        "object_id": "109",
        "user": 1,
        "action_flag": 3,
        "content_type": 9,
        "action_time": "2015-07-15T14:56:13.923Z",
        "object_repr": "Laura Dern"
    },
    "pk": 227
},
{
    "model": "admin.logentry",
    "fields": {
        "change_message": "",
        "object_id": "108",
        "user": 1,
        "action_flag": 3,
        "content_type": 9,
        "action_time": "2015-07-15T14:56:13.933Z",
        "object_repr": "Sam Neill"
    },
    "pk": 228
},
{
    "model": "admin.logentry",
    "fields": {
        "change_message": "",
        "object_id": "37",
        "user": 1,
        "action_flag": 3,
        "content_type": 7,
        "action_time": "2015-07-15T14:56:26.743Z",
        "object_repr": "Steven Spielberg"
    },
    "pk": 229
},
{
    "model": "admin.logentry",
    "fields": {
        "change_message": "",
        "object_id": "36",
        "user": 1,
        "action_flag": 3,
        "content_type": 7,
        "action_time": "2015-07-15T14:56:26.754Z",
        "object_repr": "Jared Hess"
    },
    "pk": 230
}
]
