[{"fields": {"app_label": "admin", "model": "logentry"}, "model": "contenttypes.contenttype", "pk": 1}, {"fields": {"app_label": "auth", "model": "permission"}, "model": "contenttypes.contenttype", "pk": 2}, {"fields": {"app_label": "auth", "model": "group"}, "model": "contenttypes.contenttype", "pk": 3}, {"fields": {"app_label": "auth", "model": "user"}, "model": "contenttypes.contenttype", "pk": 4}, {"fields": {"app_label": "contenttypes", "model": "contenttype"}, "model": "contenttypes.contenttype", "pk": 5}, {"fields": {"app_label": "sessions", "model": "session"}, "model": "contenttypes.contenttype", "pk": 6}, {"fields": {"app_label": "movies", "model": "director"}, "model": "contenttypes.contenttype", "pk": 7}, {"fields": {"app_label": "movies", "model": "writer"}, "model": "contenttypes.contenttype", "pk": 8}, {"fields": {"app_label": "movies", "model": "actor"}, "model": "contenttypes.contenttype", "pk": 9}, {"fields": {"app_label": "movies", "model": "movie"}, "model": "contenttypes.contenttype", "pk": 10}, {"fields": {"session_data": "MTk1ZDMxZWQxNjc4ZGYzMjM3NzIyZGVmNjE1MTlmZGI3ODdmNThjYzp7Il9hdXRoX3VzZXJfYmFja2VuZCI6ImRqYW5nby5jb250cmliLmF1dGguYmFja2VuZHMuTW9kZWxCYWNrZW5kIiwiX2F1dGhfdXNlcl9pZCI6IjIiLCJfYXV0aF91c2VyX2hhc2giOiJkZjUzZmRhNTljOTIwMmVjNjVhMzc5MGY1YzU2NjkyZTM1ODI5OWI2In0=", "expire_date": "2015-08-06T17:25:37.952Z"}, "model": "sessions.session", "pk": "jelb0ks8n18ifo7bon8rbz8t9qs2rg6g"}, {"fields": {"session_data": "MzAwMWJkMjY0M2Y1YTk3ZDY4OWJlZGY5YWE4MmU2YWZlNmUwZmJlMTp7Il9hdXRoX3VzZXJfaGFzaCI6ImRmNTNmZGE1OWM5MjAyZWM2NWEzNzkwZjVjNTY2OTJlMzU4Mjk5YjYiLCJfYXV0aF91c2VyX2lkIjoiMiIsIl9hdXRoX3VzZXJfYmFja2VuZCI6ImRqYW5nby5jb250cmliLmF1dGguYmFja2VuZHMuTW9kZWxCYWNrZW5kIn0=", "expire_date": "2015-08-10T20:14:00.135Z"}, "model": "sessions.session", "pk": "nm0zbfwr0x29eixf4pt3fruzc0t987bs"}, {"fields": {"session_data": "NTk1ZGIxYWE3NGFlZDQwMDE4OWU4YzExN2I1NTI2ZmRhYzI2ZWRiYTp7Il9hdXRoX3VzZXJfYmFja2VuZCI6ImRqYW5nby5jb250cmliLmF1dGguYmFja2VuZHMuTW9kZWxCYWNrZW5kIiwiX2F1dGhfdXNlcl9oYXNoIjoiZGY1M2ZkYTU5YzkyMDJlYzY1YTM3OTBmNWM1NjY5MmUzNTgyOTliNiIsIl9hdXRoX3VzZXJfaWQiOiIyIn0=", "expire_date": "2015-08-06T18:17:51.789Z"}, "model": "sessions.session", "pk": "sk0dr6teq1zp6ajk5ybdf1wfp3e15gel"}, {"fields": {"session_data": "ZDllMGQwMTAzMjA4OTkyMmU0YjA1OGE1NzgwM2U3MWJmOGRhMzdmNzp7Il9hdXRoX3VzZXJfaGFzaCI6ImRmZWI1YjZiZmY4MDJiN2M5N2UyMDQ2MThiYTc1NjU2ZGYxZjMzODMiLCJfYXV0aF91c2VyX2JhY2tlbmQiOiJkamFuZ28uY29udHJpYi5hdXRoLmJhY2tlbmRzLk1vZGVsQmFja2VuZCIsIl9hdXRoX3VzZXJfaWQiOiI0In0=", "expire_date": "2015-08-12T13:57:44.447Z"}, "model": "sessions.session", "pk": "w223q03mihp0ggb9abvp0bkzius10xb7"}, {"fields": {"session_data": "MTk1ZDMxZWQxNjc4ZGYzMjM3NzIyZGVmNjE1MTlmZGI3ODdmNThjYzp7Il9hdXRoX3VzZXJfYmFja2VuZCI6ImRqYW5nby5jb250cmliLmF1dGguYmFja2VuZHMuTW9kZWxCYWNrZW5kIiwiX2F1dGhfdXNlcl9pZCI6IjIiLCJfYXV0aF91c2VyX2hhc2giOiJkZjUzZmRhNTljOTIwMmVjNjVhMzc5MGY1YzU2NjkyZTM1ODI5OWI2In0=", "expire_date": "2015-08-10T15:05:49.844Z"}, "model": "sessions.session", "pk": "x4sjsdh2jjn0m6v18nidz78yj22iea44"}, {"fields": {"session_data": "MzAwMWJkMjY0M2Y1YTk3ZDY4OWJlZGY5YWE4MmU2YWZlNmUwZmJlMTp7Il9hdXRoX3VzZXJfaGFzaCI6ImRmNTNmZGE1OWM5MjAyZWM2NWEzNzkwZjVjNTY2OTJlMzU4Mjk5YjYiLCJfYXV0aF91c2VyX2lkIjoiMiIsIl9hdXRoX3VzZXJfYmFja2VuZCI6ImRqYW5nby5jb250cmliLmF1dGguYmFja2VuZHMuTW9kZWxCYWNrZW5kIn0=", "expire_date": "2015-08-11T14:51:55.669Z"}, "model": "sessions.session", "pk": "yt7nz2sm17oqx14s7dh1qxf6cauoy23x"}, {"fields": {"name": "Andrew Stanton, Lee Unkrich"}, "model": "movies.director", "pk": 6}, {"fields": {"name": "Ridley Scott"}, "model": "movies.director", "pk": 8}, {"fields": {"name": "Tony Scott"}, "model": "movies.director", "pk": 9}, {"fields": {"name": "Steven Spielberg"}, "model": "movies.director", "pk": 11}, {"fields": {"name": "Chris Buck, Jennifer Lee"}, "model": "movies.director", "pk": 12}, {"fields": {"name": "David Fincher"}, "model": "movies.director", "pk": 14}, {"fields": {"name": "Ron Clements, John Musker"}, "model": "movies.director", "pk": 15}, {"fields": {"name": "Quentin Tarantino"}, "model": "movies.director", "pk": 18}, {"fields": {"name": "Kevin Macdonald"}, "model": "movies.director", "pk": 19}, {"fields": {"name": "David Yates"}, "model": "movies.director", "pk": 21}, {"fields": {"name": "Jim Abrahams, David Zucker, Jerry Zucker"}, "model": "movies.director", "pk": 22}, {"fields": {"name": "Jon Favreau"}, "model": "movies.director", "pk": 23}, {"fields": {"name": "Sam Raimi"}, "model": "movies.director", "pk": 24}, {"fields": {"name": "Richard Donner"}, "model": "movies.director", "pk": 26}, {"fields": {"name": "Frank Darabont"}, "model": "movies.director", "pk": 27}, {"fields": {"name": "Gary Winick"}, "model": "movies.director", "pk": 28}, {"fields": {"name": "Chris Columbus"}, "model": "movies.director", "pk": 30}, {"fields": {"name": "Alfonso Cuar\u00f3n"}, "model": "movies.director", "pk": 31}, {"fields": {"name": "Mike Newell"}, "model": "movies.director", "pk": 32}, {"fields": {"name": "Zack Snyder"}, "model": "movies.director", "pk": 34}, {"fields": {"name": "Tate Taylor"}, "model": "movies.director", "pk": 35}, {"fields": {"name": "Dean Parisot"}, "model": "movies.director", "pk": 36}, {"fields": {"name": "Siddharth Anand"}, "model": "movies.director", "pk": 37}, {"fields": {"name": "Lilah Vandenburgh"}, "model": "movies.director", "pk": 38}, {"fields": {"name": "N/A"}, "model": "movies.director", "pk": 39}, {"fields": {"name": "Jay Russell"}, "model": "movies.director", "pk": 40}, {"fields": {"name": "Peter Berg"}, "model": "movies.director", "pk": 41}, {"fields": {"name": "Jay Roach"}, "model": "movies.director", "pk": 42}, {"fields": {"name": "Brian De Palma"}, "model": "movies.director", "pk": 43}, {"fields": {"name": "Les Mayfield"}, "model": "movies.director", "pk": 44}, {"fields": {"name": "Joe Johnston"}, "model": "movies.director", "pk": 45}, {"fields": {"name": "Justin Lin"}, "model": "movies.director", "pk": 46}, {"fields": {"name": "Gregory Hoblit"}, "model": "movies.director", "pk": 47}, {"fields": {"name": "Brad Bird, Jan Pinkava"}, "model": "movies.director", "pk": 48}, {"fields": {"name": "Scott Stewart"}, "model": "movies.director", "pk": 49}, {"fields": {"name": "John Lasseter, Joe Ranft"}, "model": "movies.director", "pk": 50}, {"fields": {"name": "Andrew Stanton (original story by), Andrew Stanton (screenplay), Bob Peterson (screenplay), David Reynolds (screenplay)"}, "model": "movies.writer", "pk": 1}, {"fields": {"name": "David Franzoni (story), David Franzoni (screenplay), John Logan (screenplay), William Nicholson (screenplay)"}, "model": "movies.writer", "pk": 8}, {"fields": {"name": "Jim Cash, Jack Epps Jr., Ehud Yonay (magazine article \"Top Guns\")"}, "model": "movies.writer", "pk": 9}, {"fields": {"name": "Michael Crichton (novel), Michael Crichton (screenplay), David Koepp (screenplay)"}, "model": "movies.writer", "pk": 11}, {"fields": {"name": "Jennifer Lee (screenplay), Hans Christian Andersen (inspired by the story \"The Snow Queen\" by), Chris Buck (story), Jennifer Lee (story), Shane Morris (story), Dean Wellins (additional story)"}, "model": "movies.writer", "pk": 12}, {"fields": {"name": "Chuck Palahniuk (novel), Jim Uhls (screenplay)"}, "model": "movies.writer", "pk": 14}, {"fields": {"name": "Ron Clements (screenplay), John Musker (screenplay), Ted Elliott (screenplay), Terry Rossio (screenplay), Burny Mattinson (story), Roger Allers (story), Daan Jippes (story), Kevin Harkey (story), Sue C. Nichols (story), Francis Glebas (story), Darrell Rooney (story), Larry Leker (story), James Fujii (story), Kirk Hanson (story), Kevin Lima (story), Rebecca Rees (story), David S. Smith (story), Chris Sanders (story), Brian Pimental (story), Patrick A. Ventura (story)"}, "model": "movies.writer", "pk": 15}, {"fields": {"name": "Quentin Tarantino"}, "model": "movies.writer", "pk": 18}, {"fields": {"name": "N/A"}, "model": "movies.writer", "pk": 19}, {"fields": {"name": "Steve Kloves (screenplay), J.K. Rowling (novel)"}, "model": "movies.writer", "pk": 21}, {"fields": {"name": "Jim Abrahams (written for the screen by), David Zucker (written for the screen by), Jerry Zucker (written for the screen by)"}, "model": "movies.writer", "pk": 22}, {"fields": {"name": "Mark Fergus (screenplay), Hawk Ostby (screenplay), Art Marcum (screenplay), Matt Holloway (screenplay), Stan Lee (characters), Don Heck (characters), Larry Lieber (characters), Jack Kirby (characters)"}, "model": "movies.writer", "pk": 23}, {"fields": {"name": "Stan Lee (Marvel comic book), Steve Ditko (Marvel comic book), David Koepp (screenplay)"}, "model": "movies.writer", "pk": 24}, {"fields": {"name": "Jerry Siegel (creator), Joe Shuster (creator), Mario Puzo (story), Mario Puzo (screenplay), David Newman (screenplay), Leslie Newman (screenplay), Robert Benton (screenplay)"}, "model": "movies.writer", "pk": 26}, {"fields": {"name": "Stephen King (short story \"Rita Hayworth and Shawshank Redemption\"), Frank Darabont (screenplay)"}, "model": "movies.writer", "pk": 27}, {"fields": {"name": "Josh Goldsmith, Cathy Yuspa"}, "model": "movies.writer", "pk": 28}, {"fields": {"name": "J.K. Rowling (novel), Steve Kloves (screenplay)"}, "model": "movies.writer", "pk": 31}, {"fields": {"name": "Steve Kloves (screenplay), J.K. Rowling (novel)"}, "model": "movies.writer", "pk": 32}, {"fields": {"name": "Michael Goldenberg (screenplay), J.K. Rowling (novel)"}, "model": "movies.writer", "pk": 33}, {"fields": {"name": "Zack Snyder (screenplay), Kurt Johnstad (screenplay), Michael Gordon (screenplay), Frank Miller (graphic novel), Lynn Varley (graphic novel)"}, "model": "movies.writer", "pk": 34}, {"fields": {"name": "Jeff Nathanson (screenplay), Frank Abagnale Jr. (book), Stan Redding (book)"}, "model": "movies.writer", "pk": 35}, {"fields": {"name": "Tate Taylor (screenplay), Kathryn Stockett (novel)"}, "model": "movies.writer", "pk": 36}, {"fields": {"name": "Judd Apatow (screenplay), Nicholas Stoller (screenplay), Gerald Gaiser (story), Judd Apatow (story), Nicholas Stoller (story), Gerald Gaiser (novel), David Giler, Jerry Belson, Mordecai Richler"}, "model": "movies.writer", "pk": 37}, {"fields": {"name": "Aditya Chopra (story), Devika Bhagat (screenplay), Anvita Dutt Guptan (dialogue)"}, "model": "movies.writer", "pk": 38}, {"fields": {"name": "Lilah Vandenburgh"}, "model": "movies.writer", "pk": 39}, {"fields": {"name": "Willie Morris (book), Gail Gilchriest (screenplay)"}, "model": "movies.writer", "pk": 40}, {"fields": {"name": "Vincent Ngo, Vince Gilligan"}, "model": "movies.writer", "pk": 41}, {"fields": {"name": "Greg Glienna, Mary Ruth Clarke, Greg Glienna (story), Mary Ruth Clarke (story), Jim Herzfeld (screenplay), John Hamburg (screenplay)"}, "model": "movies.writer", "pk": 42}, {"fields": {"name": "Greg Glienna (characters), Mary Ruth Clarke (characters), Jim Herzfeld (story), Marc Hyman (story), Jim Herzfeld (screenplay), John Hamburg (screenplay)"}, "model": "movies.writer", "pk": 43}, {"fields": {"name": "Oliver Stone (screenplay)"}, "model": "movies.writer", "pk": 44}, {"fields": {"name": "Samuel W. Taylor (short story \"A Situation of Gravity\"), John Hughes (screenplay), Bill Walsh (screenplay)"}, "model": "movies.writer", "pk": 45}, {"fields": {"name": "Jonathan Hensleigh (screenplay), Greg Taylor (screenplay), Jim Strain (screenplay), Greg Taylor (screen story), Jim Strain (screen story), Chris Van Allsburg (screen story), Chris Van Allsburg (book)"}, "model": "movies.writer", "pk": 46}, {"fields": {"name": "David Collard"}, "model": "movies.writer", "pk": 47}, {"fields": {"name": "Daniel Pyne (screenplay), Glenn Gers (screenplay), Daniel Pyne (story)"}, "model": "movies.writer", "pk": 48}, {"fields": {"name": "Brad Bird (screenwriter), Jan Pinkava (original story by), Jim Capobianco (original story), Brad Bird (original story), Emily Cook (additional story material), Kathy Greenberg (additional story material), Bob Peterson (additional story material)"}, "model": "movies.writer", "pk": 49}, {"fields": {"name": "Cory Goodman, Min-Woo Hyung (graphic novel series \"Priest\")"}, "model": "movies.writer", "pk": 50}, {"fields": {"name": "John Lasseter (original story by), Joe Ranft (original story by), Jorgen Klubien (original story by), Dan Fogelman (screenplay), John Lasseter (screenplay), Joe Ranft (screenplay), Kiel Murray (screenplay), Phil Lorin (screenplay), Jorgen Klubien (screenplay), Bonnie Hunt (additional screenplay material), Robert L. Baird (additional screenplay material), Daniel Gerson (additional screenplay material), Don Lake (additional screenplay material), Steve Purcell (additional screenplay material), Dan Scanlon (additional screenplay material)"}, "model": "movies.writer", "pk": 51}, {"fields": {"name": "Albert Brooks"}, "model": "movies.actor", "pk": 21}, {"fields": {"name": "Ellen DeGeneres"}, "model": "movies.actor", "pk": 22}, {"fields": {"name": "Alexander Gould"}, "model": "movies.actor", "pk": 23}, {"fields": {"name": "Willem Dafoe"}, "model": "movies.actor", "pk": 24}, {"fields": {"name": "Russell Crowe"}, "model": "movies.actor", "pk": 29}, {"fields": {"name": "Joaquin Phoenix"}, "model": "movies.actor", "pk": 30}, {"fields": {"name": "Connie Nielsen"}, "model": "movies.actor", "pk": 31}, {"fields": {"name": "Oliver Reed"}, "model": "movies.actor", "pk": 32}, {"fields": {"name": "Tom Cruise"}, "model": "movies.actor", "pk": 33}, {"fields": {"name": "Kelly McGillis"}, "model": "movies.actor", "pk": 34}, {"fields": {"name": "Val Kilmer"}, "model": "movies.actor", "pk": 35}, {"fields": {"name": "Anthony Edwards"}, "model": "movies.actor", "pk": 36}, {"fields": {"name": "Sam Neill"}, "model": "movies.actor", "pk": 41}, {"fields": {"name": "Laura Dern"}, "model": "movies.actor", "pk": 42}, {"fields": {"name": "Jeff Goldblum"}, "model": "movies.actor", "pk": 43}, {"fields": {"name": "Richard Attenborough"}, "model": "movies.actor", "pk": 44}, {"fields": {"name": "Kristen Bell"}, "model": "movies.actor", "pk": 45}, {"fields": {"name": "Idina Menzel"}, "model": "movies.actor", "pk": 46}, {"fields": {"name": "Jonathan Groff"}, "model": "movies.actor", "pk": 47}, {"fields": {"name": "Josh Gad"}, "model": "movies.actor", "pk": 48}, {"fields": {"name": "Edward Norton"}, "model": "movies.actor", "pk": 53}, {"fields": {"name": "Brad Pitt"}, "model": "movies.actor", "pk": 54}, {"fields": {"name": "Helena Bonham Carter"}, "model": "movies.actor", "pk": 55}, {"fields": {"name": "Meat Loaf"}, "model": "movies.actor", "pk": 56}, {"fields": {"name": "Scott Weinger"}, "model": "movies.actor", "pk": 57}, {"fields": {"name": "Robin Williams"}, "model": "movies.actor", "pk": 58}, {"fields": {"name": "Linda Larkin"}, "model": "movies.actor", "pk": 59}, {"fields": {"name": "Jonathan Freeman"}, "model": "movies.actor", "pk": 60}, {"fields": {"name": "Jamie Foxx"}, "model": "movies.actor", "pk": 69}, {"fields": {"name": "Christoph Waltz"}, "model": "movies.actor", "pk": 70}, {"fields": {"name": "Kerry Washington"}, "model": "movies.actor", "pk": 72}, {"fields": {"name": "Bob Marley"}, "model": "movies.actor", "pk": 73}, {"fields": {"name": "Ziggy Marley"}, "model": "movies.actor", "pk": 74}, {"fields": {"name": "Jimmy Cliff"}, "model": "movies.actor", "pk": 75}, {"fields": {"name": "Rita Marley"}, "model": "movies.actor", "pk": 76}, {"fields": {"name": "Ralph Fiennes"}, "model": "movies.actor", "pk": 81}, {"fields": {"name": "Michael Gambon"}, "model": "movies.actor", "pk": 82}, {"fields": {"name": "Alan Rickman"}, "model": "movies.actor", "pk": 83}, {"fields": {"name": "Daniel Radcliffe"}, "model": "movies.actor", "pk": 84}, {"fields": {"name": "Kareem Abdul-Jabbar"}, "model": "movies.actor", "pk": 85}, {"fields": {"name": "Lloyd Bridges"}, "model": "movies.actor", "pk": 86}, {"fields": {"name": "Peter Graves"}, "model": "movies.actor", "pk": 87}, {"fields": {"name": "Julie Hagerty"}, "model": "movies.actor", "pk": 88}, {"fields": {"name": "Robert Downey Jr."}, "model": "movies.actor", "pk": 89}, {"fields": {"name": "Terrence Howard"}, "model": "movies.actor", "pk": 90}, {"fields": {"name": "Jeff Bridges"}, "model": "movies.actor", "pk": 91}, {"fields": {"name": "Gwyneth Paltrow"}, "model": "movies.actor", "pk": 92}, {"fields": {"name": "Tobey Maguire"}, "model": "movies.actor", "pk": 93}, {"fields": {"name": "Kirsten Dunst"}, "model": "movies.actor", "pk": 95}, {"fields": {"name": "James Franco"}, "model": "movies.actor", "pk": 96}, {"fields": {"name": "Marlon Brando"}, "model": "movies.actor", "pk": 101}, {"fields": {"name": "Gene Hackman"}, "model": "movies.actor", "pk": 102}, {"fields": {"name": "Christopher Reeve"}, "model": "movies.actor", "pk": 103}, {"fields": {"name": "Ned Beatty"}, "model": "movies.actor", "pk": 104}, {"fields": {"name": "Tim Robbins"}, "model": "movies.actor", "pk": 105}, {"fields": {"name": "Morgan Freeman"}, "model": "movies.actor", "pk": 106}, {"fields": {"name": "Bob Gunton"}, "model": "movies.actor", "pk": 107}, {"fields": {"name": "William Sadler"}, "model": "movies.actor", "pk": 108}, {"fields": {"name": "Jennifer Garner"}, "model": "movies.actor", "pk": 109}, {"fields": {"name": "Mark Ruffalo"}, "model": "movies.actor", "pk": 110}, {"fields": {"name": "Judy Greer"}, "model": "movies.actor", "pk": 111}, {"fields": {"name": "Andy Serkis"}, "model": "movies.actor", "pk": 112}, {"fields": {"name": "Richard Harris"}, "model": "movies.actor", "pk": 113}, {"fields": {"name": "Maggie Smith"}, "model": "movies.actor", "pk": 114}, {"fields": {"name": "Robbie Coltrane"}, "model": "movies.actor", "pk": 115}, {"fields": {"name": "Saunders Triplets"}, "model": "movies.actor", "pk": 116}, {"fields": {"name": "Rupert Grint"}, "model": "movies.actor", "pk": 118}, {"fields": {"name": "Emma Watson"}, "model": "movies.actor", "pk": 119}, {"fields": {"name": "Richard Griffiths"}, "model": "movies.actor", "pk": 120}, {"fields": {"name": "Pam Ferris"}, "model": "movies.actor", "pk": 123}, {"fields": {"name": "Fiona Shaw"}, "model": "movies.actor", "pk": 124}, {"fields": {"name": "Eric Sykes"}, "model": "movies.actor", "pk": 125}, {"fields": {"name": "Timothy Spall"}, "model": "movies.actor", "pk": 126}, {"fields": {"name": "David Tennant"}, "model": "movies.actor", "pk": 127}, {"fields": {"name": "Harry Melling"}, "model": "movies.actor", "pk": 130}, {"fields": {"name": "Jason Boyd"}, "model": "movies.actor", "pk": 131}, {"fields": {"name": "Richard Macklin"}, "model": "movies.actor", "pk": 132}, {"fields": {"name": "Gerard Butler"}, "model": "movies.actor", "pk": 133}, {"fields": {"name": "Lena Headey"}, "model": "movies.actor", "pk": 134}, {"fields": {"name": "Dominic West"}, "model": "movies.actor", "pk": 135}, {"fields": {"name": "David Wenham"}, "model": "movies.actor", "pk": 136}, {"fields": {"name": "Leonardo DiCaprio"}, "model": "movies.actor", "pk": 145}, {"fields": {"name": "Tom Hanks"}, "model": "movies.actor", "pk": 146}, {"fields": {"name": "Christopher Walken"}, "model": "movies.actor", "pk": 147}, {"fields": {"name": "Martin Sheen"}, "model": "movies.actor", "pk": 148}, {"fields": {"name": "Gerard Butler"}, "model": "movies.actor", "pk": 157}, {"fields": {"name": "Lena Headey"}, "model": "movies.actor", "pk": 158}, {"fields": {"name": "Dominic West"}, "model": "movies.actor", "pk": 159}, {"fields": {"name": "David Wenham"}, "model": "movies.actor", "pk": 160}, {"fields": {"name": "Emma Stone"}, "model": "movies.actor", "pk": 161}, {"fields": {"name": "Viola Davis"}, "model": "movies.actor", "pk": 162}, {"fields": {"name": "Bryce Dallas Howard"}, "model": "movies.actor", "pk": 163}, {"fields": {"name": "Octavia Spencer"}, "model": "movies.actor", "pk": 164}, {"fields": {"name": "Jim Carrey"}, "model": "movies.actor", "pk": 165}, {"fields": {"name": "T\u00e9a Leoni"}, "model": "movies.actor", "pk": 166}, {"fields": {"name": "Alec Baldwin"}, "model": "movies.actor", "pk": 167}, {"fields": {"name": "Richard Jenkins"}, "model": "movies.actor", "pk": 168}, {"fields": {"name": "Ranbir Kapoor"}, "model": "movies.actor", "pk": 169}, {"fields": {"name": "Bipasha Basu"}, "model": "movies.actor", "pk": 170}, {"fields": {"name": "Minissha Lamba"}, "model": "movies.actor", "pk": 171}, {"fields": {"name": "Deepika Padukone"}, "model": "movies.actor", "pk": 172}, {"fields": {"name": "Keira Leverton"}, "model": "movies.actor", "pk": 173}, {"fields": {"name": "Juan Garcia"}, "model": "movies.actor", "pk": 174}, {"fields": {"name": "Katlin Rivers"}, "model": "movies.actor", "pk": 175}, {"fields": {"name": "Greg Harris"}, "model": "movies.actor", "pk": 176}, {"fields": {"name": "Flexx Lugar"}, "model": "movies.actor", "pk": 177}, {"fields": {"name": "Frankie Muniz"}, "model": "movies.actor", "pk": 178}, {"fields": {"name": "Diane Lane"}, "model": "movies.actor", "pk": 179}, {"fields": {"name": "Luke Wilson"}, "model": "movies.actor", "pk": 180}, {"fields": {"name": "Kevin Bacon"}, "model": "movies.actor", "pk": 181}, {"fields": {"name": "Will Smith"}, "model": "movies.actor", "pk": 182}, {"fields": {"name": "Charlize Theron"}, "model": "movies.actor", "pk": 183}, {"fields": {"name": "Jason Bateman"}, "model": "movies.actor", "pk": 184}, {"fields": {"name": "Jae Head"}, "model": "movies.actor", "pk": 185}, {"fields": {"name": "Robert De Niro"}, "model": "movies.actor", "pk": 186}, {"fields": {"name": "Ben Stiller"}, "model": "movies.actor", "pk": 187}, {"fields": {"name": "Teri Polo"}, "model": "movies.actor", "pk": 188}, {"fields": {"name": "Blythe Danner"}, "model": "movies.actor", "pk": 189}, {"fields": {"name": "Dustin Hoffman"}, "model": "movies.actor", "pk": 190}, {"fields": {"name": "Barbra Streisand"}, "model": "movies.actor", "pk": 191}, {"fields": {"name": "Al Pacino"}, "model": "movies.actor", "pk": 192}, {"fields": {"name": "Steven Bauer"}, "model": "movies.actor", "pk": 193}, {"fields": {"name": "Michelle Pfeiffer"}, "model": "movies.actor", "pk": 194}, {"fields": {"name": "Mary Elizabeth Mastrantonio"}, "model": "movies.actor", "pk": 195}, {"fields": {"name": "Marcia Gay Harden"}, "model": "movies.actor", "pk": 196}, {"fields": {"name": "Christopher McDonald"}, "model": "movies.actor", "pk": 197}, {"fields": {"name": "Ted Levine"}, "model": "movies.actor", "pk": 198}, {"fields": {"name": "Jonathan Hyde"}, "model": "movies.actor", "pk": 199}, {"fields": {"name": "Bradley Pierce"}, "model": "movies.actor", "pk": 200}, {"fields": {"name": "Macka Foley"}, "model": "movies.actor", "pk": 201}, {"fields": {"name": "Jim Parrack"}, "model": "movies.actor", "pk": 202}, {"fields": {"name": "Donnie Wahlberg"}, "model": "movies.actor", "pk": 203}, {"fields": {"name": "Anthony Hopkins"}, "model": "movies.actor", "pk": 204}, {"fields": {"name": "Ryan Gosling"}, "model": "movies.actor", "pk": 205}, {"fields": {"name": "David Strathairn"}, "model": "movies.actor", "pk": 206}, {"fields": {"name": "Rosamund Pike"}, "model": "movies.actor", "pk": 207}, {"fields": {"name": "Patton Oswalt"}, "model": "movies.actor", "pk": 208}, {"fields": {"name": "Ian Holm"}, "model": "movies.actor", "pk": 209}, {"fields": {"name": "Lou Romano"}, "model": "movies.actor", "pk": 210}, {"fields": {"name": "Brian Dennehy"}, "model": "movies.actor", "pk": 211}, {"fields": {"name": "Paul Bettany"}, "model": "movies.actor", "pk": 212}, {"fields": {"name": "Karl Urban"}, "model": "movies.actor", "pk": 213}, {"fields": {"name": "Cam Gigandet"}, "model": "movies.actor", "pk": 214}, {"fields": {"name": "Maggie Q"}, "model": "movies.actor", "pk": 215}, {"fields": {"name": "Owen Wilson"}, "model": "movies.actor", "pk": 216}, {"fields": {"name": "Paul Newman"}, "model": "movies.actor", "pk": 217}, {"fields": {"name": "Bonnie Hunt"}, "model": "movies.actor", "pk": 218}, {"fields": {"name": "Larry the Cable Guy"}, "model": "movies.actor", "pk": 219}, {"fields": {"name": "Can add log entry", "codename": "add_logentry", "content_type": 1}, "model": "auth.permission", "pk": 1}, {"fields": {"name": "Can change log entry", "codename": "change_logentry", "content_type": 1}, "model": "auth.permission", "pk": 2}, {"fields": {"name": "Can delete log entry", "codename": "delete_logentry", "content_type": 1}, "model": "auth.permission", "pk": 3}, {"fields": {"name": "Can add permission", "codename": "add_permission", "content_type": 2}, "model": "auth.permission", "pk": 4}, {"fields": {"name": "Can change permission", "codename": "change_permission", "content_type": 2}, "model": "auth.permission", "pk": 5}, {"fields": {"name": "Can delete permission", "codename": "delete_permission", "content_type": 2}, "model": "auth.permission", "pk": 6}, {"fields": {"name": "Can add group", "codename": "add_group", "content_type": 3}, "model": "auth.permission", "pk": 7}, {"fields": {"name": "Can change group", "codename": "change_group", "content_type": 3}, "model": "auth.permission", "pk": 8}, {"fields": {"name": "Can delete group", "codename": "delete_group", "content_type": 3}, "model": "auth.permission", "pk": 9}, {"fields": {"name": "Can add user", "codename": "add_user", "content_type": 4}, "model": "auth.permission", "pk": 10}, {"fields": {"name": "Can change user", "codename": "change_user", "content_type": 4}, "model": "auth.permission", "pk": 11}, {"fields": {"name": "Can delete user", "codename": "delete_user", "content_type": 4}, "model": "auth.permission", "pk": 12}, {"fields": {"name": "Can add content type", "codename": "add_contenttype", "content_type": 5}, "model": "auth.permission", "pk": 13}, {"fields": {"name": "Can change content type", "codename": "change_contenttype", "content_type": 5}, "model": "auth.permission", "pk": 14}, {"fields": {"name": "Can delete content type", "codename": "delete_contenttype", "content_type": 5}, "model": "auth.permission", "pk": 15}, {"fields": {"name": "Can add session", "codename": "add_session", "content_type": 6}, "model": "auth.permission", "pk": 16}, {"fields": {"name": "Can change session", "codename": "change_session", "content_type": 6}, "model": "auth.permission", "pk": 17}, {"fields": {"name": "Can delete session", "codename": "delete_session", "content_type": 6}, "model": "auth.permission", "pk": 18}, {"fields": {"name": "Can add director", "codename": "add_director", "content_type": 7}, "model": "auth.permission", "pk": 19}, {"fields": {"name": "Can change director", "codename": "change_director", "content_type": 7}, "model": "auth.permission", "pk": 20}, {"fields": {"name": "Can delete director", "codename": "delete_director", "content_type": 7}, "model": "auth.permission", "pk": 21}, {"fields": {"name": "Can add writer", "codename": "add_writer", "content_type": 8}, "model": "auth.permission", "pk": 22}, {"fields": {"name": "Can change writer", "codename": "change_writer", "content_type": 8}, "model": "auth.permission", "pk": 23}, {"fields": {"name": "Can delete writer", "codename": "delete_writer", "content_type": 8}, "model": "auth.permission", "pk": 24}, {"fields": {"name": "Can add actor", "codename": "add_actor", "content_type": 9}, "model": "auth.permission", "pk": 25}, {"fields": {"name": "Can change actor", "codename": "change_actor", "content_type": 9}, "model": "auth.permission", "pk": 26}, {"fields": {"name": "Can delete actor", "codename": "delete_actor", "content_type": 9}, "model": "auth.permission", "pk": 27}, {"fields": {"name": "Can add movie", "codename": "add_movie", "content_type": 10}, "model": "auth.permission", "pk": 28}, {"fields": {"name": "Can change movie", "codename": "change_movie", "content_type": 10}, "model": "auth.permission", "pk": 29}, {"fields": {"name": "Can delete movie", "codename": "delete_movie", "content_type": 10}, "model": "auth.permission", "pk": 30}, {"fields": {"groups": [], "date_joined": "2015-07-23T17:05:44.218Z", "last_login": "2015-07-23T18:40:35.720Z", "email": "", "is_active": true, "is_superuser": false, "first_name": "", "user_permissions": [], "is_staff": false, "password": "pbkdf2_sha256$20000$hMFbeAAdWN7J$s25XdW5eadw3nK+kvZRbSIFn3Iq//6Qjfl0hgngatXQ=", "last_name": "", "username": "dan"}, "model": "auth.user", "pk": 1}, {"fields": {"groups": [], "date_joined": "2015-07-23T17:10:09.632Z", "last_login": "2015-07-28T14:51:55.660Z", "email": "", "is_active": true, "is_superuser": true, "first_name": "", "user_permissions": [], "is_staff": true, "password": "pbkdf2_sha256$20000$cWby75OAGpWe$iaiozN1Hh6Y1fhDttgNfhEFeSmNVtS9YUsksrh0kUMQ=", "last_name": "", "username": "super"}, "model": "auth.user", "pk": 2}, {"fields": {"groups": [], "date_joined": "2015-07-23T18:06:56.147Z", "last_login": "2015-07-23T18:59:03.944Z", "email": "", "is_active": true, "is_superuser": false, "first_name": "", "user_permissions": [], "is_staff": false, "password": "pbkdf2_sha256$20000$pxxWPFwHWkFO$GuqIJyjZ2Rap8rmE5B9PgxmK+YLo1v3dwyBxa6SNYY8=", "last_name": "", "username": "bob"}, "model": "auth.user", "pk": 3}, {"fields": {"groups": [], "date_joined": "2015-07-23T18:59:00.488Z", "last_login": "2015-07-29T13:57:44.437Z", "email": "", "is_active": true, "is_superuser": false, "first_name": "", "user_permissions": [], "is_staff": false, "password": "pbkdf2_sha256$20000$BENNxUvMRnZA$ty2LJr38t8bJd/BQzNUScucQD1LnNuJLuN+U2I5Rhdc=", "last_name": "", "username": "nick"}, "model": "auth.user", "pk": 4}, {"fields": {"groups": [], "date_joined": "2015-07-24T18:02:26.636Z", "last_login": "2015-07-24T18:06:03.008Z", "email": "", "is_active": true, "is_superuser": false, "first_name": "", "user_permissions": [], "is_staff": false, "password": "pbkdf2_sha256$20000$fGzwIb8bOaoq$eR+P6BoI3GzCjz9vBi4WqDOPBnKVANk2gEjIzHG5Wpg=", "last_name": "", "username": "Lauren"}, "model": "auth.user", "pk": 5}, {"fields": {"groups": [], "date_joined": "2015-07-27T19:41:38.891Z", "last_login": "2015-07-27T19:42:04.088Z", "email": "", "is_active": true, "is_superuser": false, "first_name": "", "user_permissions": [], "is_staff": false, "password": "pbkdf2_sha256$20000$0aa1GxdOvF6G$oM6RW3LISMcniw2o0+8LelHdhI9d7fig3EGtzyCz1wo=", "last_name": "", "username": "cameronisthebestateverything"}, "model": "auth.user", "pk": 6}, {"fields": {"actors": [69, 70, 72], "rated": 4, "poster": "http://ia.media-imdb.com/images/M/MV5BMjIyNTQ5NjQ1OV5BMl5BanBnXkFtZTcwODg1MDU4OA@@._V1_SX300.jpg", "writer": 18, "director": 18, "imdbId": "tt1853728", "users": [4], "name": "Django Unchained", "thumbnail": "", "year": 2012}, "model": "movies.movie", "pk": 14}, {"fields": {"actors": [73, 74, 75, 76], "rated": 3, "poster": "http://ia.media-imdb.com/images/M/MV5BMTg3NDUzMzQ2OF5BMl5BanBnXkFtZTcwNzY4NTE0Nw@@._V1_SX300.jpg", "writer": 19, "director": 19, "imdbId": "tt1183919", "users": [4], "name": "Marley", "thumbnail": "", "year": 2012}, "model": "movies.movie", "pk": 15}, {"fields": {"actors": [81, 82, 83, 84], "rated": 3, "poster": "http://ia.media-imdb.com/images/M/MV5BMTY2MTk3MDQ1N15BMl5BanBnXkFtZTcwMzI4NzA2NQ@@._V1_SX300.jpg", "writer": 21, "director": 21, "imdbId": "tt1201607", "users": [4], "name": "Harry Potter and the Deathly Hallows: Part 2", "thumbnail": "", "year": 2011}, "model": "movies.movie", "pk": 17}, {"fields": {"actors": [85, 86, 87, 88], "rated": 2, "poster": "http://ia.media-imdb.com/images/M/MV5BNDU2MjE4MTcwNl5BMl5BanBnXkFtZTgwNDExOTMxMDE@._V1_SX300.jpg", "writer": 22, "director": 22, "imdbId": "tt0080339", "users": [4], "name": "Airplane!", "thumbnail": "", "year": 1980}, "model": "movies.movie", "pk": 18}, {"fields": {"actors": [89, 90, 91, 92], "rated": 3, "poster": "http://ia.media-imdb.com/images/M/MV5BMTczNTI2ODUwOF5BMl5BanBnXkFtZTcwMTU0NTIzMw@@._V1_SX300.jpg", "writer": 23, "director": 23, "imdbId": "tt0371746", "users": [4], "name": "Iron Man", "thumbnail": "", "year": 2008}, "model": "movies.movie", "pk": 19}, {"fields": {"actors": [93, 95, 96], "rated": 3, "poster": "http://ia.media-imdb.com/images/M/MV5BMzk3MTE5MDU5NV5BMl5BanBnXkFtZTYwMjY3NTY3._V1_SX300.jpg", "writer": 24, "director": 24, "imdbId": "tt0145487", "users": [4], "name": "Spider-Man", "thumbnail": "", "year": 2002}, "model": "movies.movie", "pk": 20}, {"fields": {"actors": [105, 106, 107, 108], "rated": 4, "poster": "http://ia.media-imdb.com/images/M/MV5BODU4MjU4NjIwNl5BMl5BanBnXkFtZTgwMDU2MjEyMDE@._V1_SX300.jpg", "writer": 27, "director": 27, "imdbId": "tt0111161", "users": [4], "name": "The Shawshank Redemption", "thumbnail": "", "year": 1994}, "model": "movies.movie", "pk": 23}, {"fields": {"actors": [109, 110, 111, 112], "rated": 3, "poster": "http://ia.media-imdb.com/images/M/MV5BMjA1MTI3ODEwNF5BMl5BanBnXkFtZTcwOTA4NDUyMQ@@._V1_SX300.jpg", "writer": 28, "director": 28, "imdbId": "tt0337563", "users": [5], "name": "13 Going on 30", "thumbnail": "", "year": 2004}, "model": "movies.movie", "pk": 24}, {"fields": {"actors": [123, 124], "rated": 2, "poster": "http://ia.media-imdb.com/images/M/MV5BMTY4NTIwODg0N15BMl5BanBnXkFtZTcwOTc0MjEzMw@@._V1_SX300.jpg", "writer": 31, "director": 31, "imdbId": "tt0304141", "users": [5], "name": "Harry Potter and the Prisoner of Azkaban", "thumbnail": "", "year": 2004}, "model": "movies.movie", "pk": 27}, {"fields": {"actors": [125, 126, 127], "rated": 3, "poster": "http://ia.media-imdb.com/images/M/MV5BMTI1NDMyMjExOF5BMl5BanBnXkFtZTcwOTc4MjQzMQ@@._V1_SX300.jpg", "writer": 32, "director": 32, "imdbId": "tt0330373", "users": [5], "name": "Harry Potter and the Goblet of Fire", "thumbnail": "", "year": 2005}, "model": "movies.movie", "pk": 28}, {"fields": {"actors": [145, 146, 147, 148], "rated": 3, "poster": "http://ia.media-imdb.com/images/M/MV5BMTY5MzYzNjc5NV5BMl5BanBnXkFtZTYwNTUyNTc2._V1_SX300.jpg", "writer": 35, "director": 11, "imdbId": "tt0264464", "users": [], "name": "Catch Me If You Can", "thumbnail": "", "year": 2002}, "model": "movies.movie", "pk": 31}, {"fields": {"actors": [157, 158, 159, 160], "rated": 4, "poster": "http://ia.media-imdb.com/images/M/MV5BMjAzNTkzNjcxNl5BMl5BanBnXkFtZTYwNDA4NjE3._V1_SX300.jpg", "writer": 34, "director": 34, "imdbId": "tt0416449", "users": [], "name": "300", "thumbnail": "", "year": 2006}, "model": "movies.movie", "pk": 33}, {"fields": {"actors": [161, 162, 163, 164], "rated": 3, "poster": "http://ia.media-imdb.com/images/M/MV5BMTM5OTMyMjIxOV5BMl5BanBnXkFtZTcwNzU4MjIwNQ@@._V1_SX300.jpg", "writer": 36, "director": 35, "imdbId": "tt1454029", "users": [], "name": "The Help", "thumbnail": "", "year": 2011}, "model": "movies.movie", "pk": 34}, {"fields": {"actors": [178, 179, 180, 181], "rated": 2, "poster": "http://ia.media-imdb.com/images/M/MV5BMTc1NDgxMjg5MV5BMl5BanBnXkFtZTYwNTUxODc5._V1_SX300.jpg", "writer": 40, "director": 40, "imdbId": "tt0156812", "users": [], "name": "My Dog Skip", "thumbnail": "", "year": 2000}, "model": "movies.movie", "pk": 39}, {"fields": {"actors": [182, 183, 184, 185], "rated": 3, "poster": "http://ia.media-imdb.com/images/M/MV5BMTgyMzc4ODU3NV5BMl5BanBnXkFtZTcwNjk5Mzc1MQ@@._V1_SX300.jpg", "writer": 41, "director": 41, "imdbId": "tt0448157", "users": [], "name": "Hancock", "thumbnail": "", "year": 2008}, "model": "movies.movie", "pk": 40}, {"fields": {"actors": [186, 187, 188, 189], "rated": 3, "poster": "http://ia.media-imdb.com/images/M/MV5BMTc2NzYyMjc5NV5BMl5BanBnXkFtZTgwOTEwODMxMDE@._V1_SX300.jpg", "writer": 42, "director": 42, "imdbId": "tt0212338", "users": [], "name": "Meet the Parents", "thumbnail": "", "year": 2000}, "model": "movies.movie", "pk": 41}, {"fields": {"actors": [186, 187, 190, 191], "rated": 3, "poster": "http://ia.media-imdb.com/images/M/MV5BNjcyNTIxMTM4NV5BMl5BanBnXkFtZTcwMzIyNjcyMQ@@._V1_SX300.jpg", "writer": 43, "director": 42, "imdbId": "tt0290002", "users": [4], "name": "Meet the Fockers", "thumbnail": "", "year": 2004}, "model": "movies.movie", "pk": 42}, {"fields": {"actors": [192, 193, 194, 195], "rated": 4, "poster": "http://ia.media-imdb.com/images/M/MV5BMjAzOTM4MzEwNl5BMl5BanBnXkFtZTgwMzU1OTc1MDE@._V1_SX300.jpg", "writer": 44, "director": 43, "imdbId": "tt0086250", "users": [], "name": "Scarface", "thumbnail": "", "year": 1983}, "model": "movies.movie", "pk": 43}, {"fields": {"actors": [58, 196, 197, 198], "rated": 2, "poster": "http://ia.media-imdb.com/images/M/MV5BMTIwODc4NzcyNF5BMl5BanBnXkFtZTYwMTY5OTY5._V1_SX300.jpg", "writer": 45, "director": 44, "imdbId": "tt0119137", "users": [], "name": "Flubber", "thumbnail": "", "year": 1997}, "model": "movies.movie", "pk": 44}, {"fields": {"actors": [58, 95, 199, 200], "rated": 2, "poster": "http://ia.media-imdb.com/images/M/MV5BMTk5MjAyNTM4Ml5BMl5BanBnXkFtZTgwMjY0MDI0MjE@._V1_SX300.jpg", "writer": 46, "director": 45, "imdbId": "tt0113497", "users": [4], "name": "Jumanji", "thumbnail": "", "year": 1995}, "model": "movies.movie", "pk": 45}, {"fields": {"actors": [96, 201, 202, 203], "rated": 3, "poster": "http://ia.media-imdb.com/images/M/MV5BNDQxMzA1Mjk5MF5BMl5BanBnXkFtZTcwMTM5NjEzMQ@@._V1_SX300.jpg", "writer": 47, "director": 46, "imdbId": "tt0417433", "users": [], "name": "Annapolis", "thumbnail": "", "year": 2006}, "model": "movies.movie", "pk": 46}, {"fields": {"actors": [204, 205, 206, 207], "rated": 4, "poster": "http://ia.media-imdb.com/images/M/MV5BMzIzNjQyMzkwM15BMl5BanBnXkFtZTcwOTg5ODQ0MQ@@._V1_SX300.jpg", "writer": 48, "director": 47, "imdbId": "tt0488120", "users": [], "name": "Fracture", "thumbnail": "", "year": 2007}, "model": "movies.movie", "pk": 47}, {"fields": {"actors": [208, 209, 210, 211], "rated": 1, "poster": "http://ia.media-imdb.com/images/M/MV5BMTMzODU0NTkxMF5BMl5BanBnXkFtZTcwMjQ4MzMzMw@@._V1_SX300.jpg", "writer": 49, "director": 48, "imdbId": "tt0382932", "users": [], "name": "Ratatouille", "thumbnail": "", "year": 2007}, "model": "movies.movie", "pk": 48}, {"fields": {"actors": [212, 213, 214, 215], "rated": 3, "poster": "http://ia.media-imdb.com/images/M/MV5BMTQ1MTAwODc3OV5BMl5BanBnXkFtZTcwNzI0MDQ3NA@@._V1_SX300.jpg", "writer": 50, "director": 49, "imdbId": "tt0822847", "users": [], "name": "Priest", "thumbnail": "", "year": 2011}, "model": "movies.movie", "pk": 49}, {"fields": {"actors": [216, 217, 218, 219], "rated": 1, "poster": "http://ia.media-imdb.com/images/M/MV5BMTg5NzY0MzA2MV5BMl5BanBnXkFtZTYwNDc3NTc2._V1_SX300.jpg", "writer": 51, "director": 50, "imdbId": "tt0317219", "users": [], "name": "Cars", "thumbnail": "", "year": 2006}, "model": "movies.movie", "pk": 50}, {"fields": {"action_time": "2015-07-23T17:26:27.287Z", "content_type": 10, "object_id": "1", "change_message": "", "action_flag": 3, "object_repr": "Finding Nemo (2003)", "user": 2}, "model": "admin.logentry", "pk": 1}, {"fields": {"action_time": "2015-07-23T17:31:43.994Z", "content_type": 10, "object_id": "2", "change_message": "", "action_flag": 3, "object_repr": "Finding Nemo (2003)", "user": 2}, "model": "admin.logentry", "pk": 2}, {"fields": {"action_time": "2015-07-23T17:33:45.745Z", "content_type": 10, "object_id": "3", "change_message": "", "action_flag": 3, "object_repr": "Gladiator (2000)", "user": 2}, "model": "admin.logentry", "pk": 3}, {"fields": {"action_time": "2015-07-23T17:35:02.575Z", "content_type": 10, "object_id": "4", "change_message": "", "action_flag": 3, "object_repr": "Gladiator (2000)", "user": 2}, "model": "admin.logentry", "pk": 4}, {"fields": {"action_time": "2015-07-23T17:49:52.969Z", "content_type": 10, "object_id": "5", "change_message": "", "action_flag": 3, "object_repr": "Top Gun (1986)", "user": 2}, "model": "admin.logentry", "pk": 5}, {"fields": {"action_time": "2015-07-23T18:23:27.615Z", "content_type": 10, "object_id": "8", "change_message": "", "action_flag": 3, "object_repr": "Frozen (2013)", "user": 2}, "model": "admin.logentry", "pk": 6}, {"fields": {"action_time": "2015-07-24T17:58:01.536Z", "content_type": 10, "object_id": "22", "change_message": "", "action_flag": 3, "object_repr": "Superman (1978)", "user": 2}, "model": "admin.logentry", "pk": 7}, {"fields": {"action_time": "2015-07-27T16:32:37.291Z", "content_type": 10, "object_id": "30", "change_message": "", "action_flag": 3, "object_repr": "300 (2006)", "user": 2}, "model": "admin.logentry", "pk": 8}, {"fields": {"action_time": "2015-07-27T16:34:29.163Z", "content_type": 7, "object_id": "33", "change_message": "", "action_flag": 3, "object_repr": "David Yates", "user": 2}, "model": "admin.logentry", "pk": 9}, {"fields": {"action_time": "2015-07-27T16:34:29.175Z", "content_type": 7, "object_id": "29", "change_message": "", "action_flag": 3, "object_repr": "Chris Columbus", "user": 2}, "model": "admin.logentry", "pk": 10}, {"fields": {"action_time": "2015-07-27T16:34:29.185Z", "content_type": 7, "object_id": "25", "change_message": "", "action_flag": 3, "object_repr": "Richard Donner", "user": 2}, "model": "admin.logentry", "pk": 11}, {"fields": {"action_time": "2015-07-27T16:34:29.194Z", "content_type": 7, "object_id": "20", "change_message": "", "action_flag": 3, "object_repr": "Steven Spielberg", "user": 2}, "model": "admin.logentry", "pk": 12}, {"fields": {"action_time": "2015-07-27T16:34:29.205Z", "content_type": 7, "object_id": "17", "change_message": "", "action_flag": 3, "object_repr": "David Fincher", "user": 2}, "model": "admin.logentry", "pk": 13}, {"fields": {"action_time": "2015-07-27T16:34:29.216Z", "content_type": 7, "object_id": "13", "change_message": "", "action_flag": 3, "object_repr": "Andrew Stanton, Lee Unkrich", "user": 2}, "model": "admin.logentry", "pk": 14}, {"fields": {"action_time": "2015-07-27T16:34:29.225Z", "content_type": 7, "object_id": "10", "change_message": "", "action_flag": 3, "object_repr": "Steven Spielberg", "user": 2}, "model": "admin.logentry", "pk": 15}, {"fields": {"action_time": "2015-07-27T16:34:29.235Z", "content_type": 7, "object_id": "7", "change_message": "", "action_flag": 3, "object_repr": "Ridley Scott", "user": 2}, "model": "admin.logentry", "pk": 16}, {"fields": {"action_time": "2015-07-27T16:34:29.246Z", "content_type": 7, "object_id": "5", "change_message": "", "action_flag": 3, "object_repr": "Andrew Stanton, Lee Unkrich", "user": 2}, "model": "admin.logentry", "pk": 17}, {"fields": {"action_time": "2015-07-27T16:34:29.256Z", "content_type": 7, "object_id": "4", "change_message": "", "action_flag": 3, "object_repr": "Andrew Stanton, Lee Unkrich", "user": 2}, "model": "admin.logentry", "pk": 18}, {"fields": {"action_time": "2015-07-27T16:34:29.266Z", "content_type": 7, "object_id": "3", "change_message": "", "action_flag": 3, "object_repr": "Andrew Stanton, Lee Unkrich", "user": 2}, "model": "admin.logentry", "pk": 19}, {"fields": {"action_time": "2015-07-27T16:34:29.278Z", "content_type": 7, "object_id": "2", "change_message": "", "action_flag": 3, "object_repr": "Andrew Stanton, Lee Unkrich", "user": 2}, "model": "admin.logentry", "pk": 20}, {"fields": {"action_time": "2015-07-27T16:34:29.289Z", "content_type": 7, "object_id": "1", "change_message": "", "action_flag": 3, "object_repr": "Andrew Stanton, Lee Unkrich", "user": 2}, "model": "admin.logentry", "pk": 21}, {"fields": {"action_time": "2015-07-27T16:34:38.999Z", "content_type": 7, "object_id": "16", "change_message": "", "action_flag": 3, "object_repr": "Andrew Stanton, Lee Unkrich", "user": 2}, "model": "admin.logentry", "pk": 22}, {"fields": {"action_time": "2015-07-27T16:36:09.890Z", "content_type": 10, "object_id": "32", "change_message": "", "action_flag": 3, "object_repr": "Catch Me If You Can (2002)", "user": 2}, "model": "admin.logentry", "pk": 23}, {"fields": {"action_time": "2015-07-27T16:37:37.747Z", "content_type": 9, "object_id": "156", "change_message": "", "action_flag": 3, "object_repr": "Martin Sheen", "user": 2}, "model": "admin.logentry", "pk": 24}, {"fields": {"action_time": "2015-07-27T16:37:37.762Z", "content_type": 9, "object_id": "155", "change_message": "", "action_flag": 3, "object_repr": "Christopher Walken", "user": 2}, "model": "admin.logentry", "pk": 25}, {"fields": {"action_time": "2015-07-27T16:37:37.772Z", "content_type": 9, "object_id": "154", "change_message": "", "action_flag": 3, "object_repr": "Tom Hanks", "user": 2}, "model": "admin.logentry", "pk": 26}, {"fields": {"action_time": "2015-07-27T16:37:37.782Z", "content_type": 9, "object_id": "153", "change_message": "", "action_flag": 3, "object_repr": "Leonardo DiCaprio", "user": 2}, "model": "admin.logentry", "pk": 27}, {"fields": {"action_time": "2015-07-27T16:37:37.792Z", "content_type": 9, "object_id": "152", "change_message": "", "action_flag": 3, "object_repr": "Martin Sheen", "user": 2}, "model": "admin.logentry", "pk": 28}, {"fields": {"action_time": "2015-07-27T16:37:37.807Z", "content_type": 9, "object_id": "151", "change_message": "", "action_flag": 3, "object_repr": "Christopher Walken", "user": 2}, "model": "admin.logentry", "pk": 29}, {"fields": {"action_time": "2015-07-27T16:37:37.818Z", "content_type": 9, "object_id": "150", "change_message": "", "action_flag": 3, "object_repr": "Tom Hanks", "user": 2}, "model": "admin.logentry", "pk": 30}, {"fields": {"action_time": "2015-07-27T16:37:37.829Z", "content_type": 9, "object_id": "149", "change_message": "", "action_flag": 3, "object_repr": "Leonardo DiCaprio", "user": 2}, "model": "admin.logentry", "pk": 31}, {"fields": {"action_time": "2015-07-27T16:39:19.796Z", "content_type": 9, "object_id": "71", "change_message": "", "action_flag": 3, "object_repr": "Leonardo DiCaprio", "user": 2}, "model": "admin.logentry", "pk": 32}, {"fields": {"action_time": "2015-07-27T16:39:41.391Z", "content_type": 9, "object_id": "144", "change_message": "", "action_flag": 3, "object_repr": "David Wenham", "user": 2}, "model": "admin.logentry", "pk": 33}, {"fields": {"action_time": "2015-07-27T16:39:41.405Z", "content_type": 9, "object_id": "143", "change_message": "", "action_flag": 3, "object_repr": "Dominic West", "user": 2}, "model": "admin.logentry", "pk": 34}, {"fields": {"action_time": "2015-07-27T16:39:41.412Z", "content_type": 9, "object_id": "142", "change_message": "", "action_flag": 3, "object_repr": "Lena Headey", "user": 2}, "model": "admin.logentry", "pk": 35}, {"fields": {"action_time": "2015-07-27T16:39:41.420Z", "content_type": 9, "object_id": "141", "change_message": "", "action_flag": 3, "object_repr": "Gerard Butler", "user": 2}, "model": "admin.logentry", "pk": 36}, {"fields": {"action_time": "2015-07-27T16:39:41.428Z", "content_type": 9, "object_id": "140", "change_message": "", "action_flag": 3, "object_repr": "David Wenham", "user": 2}, "model": "admin.logentry", "pk": 37}, {"fields": {"action_time": "2015-07-27T16:39:41.436Z", "content_type": 9, "object_id": "139", "change_message": "", "action_flag": 3, "object_repr": "Dominic West", "user": 2}, "model": "admin.logentry", "pk": 38}, {"fields": {"action_time": "2015-07-27T16:39:41.450Z", "content_type": 9, "object_id": "138", "change_message": "", "action_flag": 3, "object_repr": "Lena Headey", "user": 2}, "model": "admin.logentry", "pk": 39}, {"fields": {"action_time": "2015-07-27T16:39:41.462Z", "content_type": 9, "object_id": "137", "change_message": "", "action_flag": 3, "object_repr": "Gerard Butler", "user": 2}, "model": "admin.logentry", "pk": 40}, {"fields": {"action_time": "2015-07-27T16:40:22.043Z", "content_type": 9, "object_id": "129", "change_message": "", "action_flag": 3, "object_repr": "Daniel Radcliffe", "user": 2}, "model": "admin.logentry", "pk": 41}, {"fields": {"action_time": "2015-07-27T16:40:22.059Z", "content_type": 9, "object_id": "128", "change_message": "", "action_flag": 3, "object_repr": "Daniel Radcliffe", "user": 2}, "model": "admin.logentry", "pk": 42}, {"fields": {"action_time": "2015-07-27T16:40:22.070Z", "content_type": 9, "object_id": "121", "change_message": "", "action_flag": 3, "object_repr": "Daniel Radcliffe", "user": 2}, "model": "admin.logentry", "pk": 43}, {"fields": {"action_time": "2015-07-27T16:40:22.082Z", "content_type": 9, "object_id": "117", "change_message": "", "action_flag": 3, "object_repr": "Daniel Radcliffe", "user": 2}, "model": "admin.logentry", "pk": 44}, {"fields": {"action_time": "2015-07-27T16:40:49.544Z", "content_type": 9, "object_id": "122", "change_message": "", "action_flag": 3, "object_repr": "Richard Griffiths", "user": 2}, "model": "admin.logentry", "pk": 45}, {"fields": {"action_time": "2015-07-27T16:42:25.183Z", "content_type": 9, "object_id": "20", "change_message": "", "action_flag": 3, "object_repr": "Willem Dafoe", "user": 2}, "model": "admin.logentry", "pk": 46}, {"fields": {"action_time": "2015-07-27T16:42:25.197Z", "content_type": 9, "object_id": "19", "change_message": "", "action_flag": 3, "object_repr": "Alexander Gould", "user": 2}, "model": "admin.logentry", "pk": 47}, {"fields": {"action_time": "2015-07-27T16:42:25.204Z", "content_type": 9, "object_id": "18", "change_message": "", "action_flag": 3, "object_repr": "Ellen DeGeneres", "user": 2}, "model": "admin.logentry", "pk": 48}, {"fields": {"action_time": "2015-07-27T16:42:25.214Z", "content_type": 9, "object_id": "17", "change_message": "", "action_flag": 3, "object_repr": "Albert Brooks", "user": 2}, "model": "admin.logentry", "pk": 49}, {"fields": {"action_time": "2015-07-27T16:42:25.222Z", "content_type": 9, "object_id": "16", "change_message": "", "action_flag": 3, "object_repr": "Willem Dafoe", "user": 2}, "model": "admin.logentry", "pk": 50}, {"fields": {"action_time": "2015-07-27T16:42:25.231Z", "content_type": 9, "object_id": "15", "change_message": "", "action_flag": 3, "object_repr": "Alexander Gould", "user": 2}, "model": "admin.logentry", "pk": 51}, {"fields": {"action_time": "2015-07-27T16:42:25.242Z", "content_type": 9, "object_id": "14", "change_message": "", "action_flag": 3, "object_repr": "Ellen DeGeneres", "user": 2}, "model": "admin.logentry", "pk": 52}, {"fields": {"action_time": "2015-07-27T16:42:25.252Z", "content_type": 9, "object_id": "13", "change_message": "", "action_flag": 3, "object_repr": "Albert Brooks", "user": 2}, "model": "admin.logentry", "pk": 53}, {"fields": {"action_time": "2015-07-27T16:42:25.264Z", "content_type": 9, "object_id": "12", "change_message": "", "action_flag": 3, "object_repr": "Willem Dafoe", "user": 2}, "model": "admin.logentry", "pk": 54}, {"fields": {"action_time": "2015-07-27T16:42:25.278Z", "content_type": 9, "object_id": "11", "change_message": "", "action_flag": 3, "object_repr": "Alexander Gould", "user": 2}, "model": "admin.logentry", "pk": 55}, {"fields": {"action_time": "2015-07-27T16:42:25.288Z", "content_type": 9, "object_id": "10", "change_message": "", "action_flag": 3, "object_repr": "Ellen DeGeneres", "user": 2}, "model": "admin.logentry", "pk": 56}, {"fields": {"action_time": "2015-07-27T16:42:25.298Z", "content_type": 9, "object_id": "9", "change_message": "", "action_flag": 3, "object_repr": "Albert Brooks", "user": 2}, "model": "admin.logentry", "pk": 57}, {"fields": {"action_time": "2015-07-27T16:42:25.308Z", "content_type": 9, "object_id": "8", "change_message": "", "action_flag": 3, "object_repr": "Willem Dafoe", "user": 2}, "model": "admin.logentry", "pk": 58}, {"fields": {"action_time": "2015-07-27T16:42:25.318Z", "content_type": 9, "object_id": "7", "change_message": "", "action_flag": 3, "object_repr": "Alexander Gould", "user": 2}, "model": "admin.logentry", "pk": 59}, {"fields": {"action_time": "2015-07-27T16:42:25.328Z", "content_type": 9, "object_id": "6", "change_message": "", "action_flag": 3, "object_repr": "Ellen DeGeneres", "user": 2}, "model": "admin.logentry", "pk": 60}, {"fields": {"action_time": "2015-07-27T16:42:25.339Z", "content_type": 9, "object_id": "5", "change_message": "", "action_flag": 3, "object_repr": "Albert Brooks", "user": 2}, "model": "admin.logentry", "pk": 61}, {"fields": {"action_time": "2015-07-27T16:42:25.354Z", "content_type": 9, "object_id": "4", "change_message": "", "action_flag": 3, "object_repr": "Willem Dafoe", "user": 2}, "model": "admin.logentry", "pk": 62}, {"fields": {"action_time": "2015-07-27T16:42:25.368Z", "content_type": 9, "object_id": "3", "change_message": "", "action_flag": 3, "object_repr": "Alexander Gould", "user": 2}, "model": "admin.logentry", "pk": 63}, {"fields": {"action_time": "2015-07-27T16:42:25.383Z", "content_type": 9, "object_id": "2", "change_message": "", "action_flag": 3, "object_repr": "Ellen DeGeneres", "user": 2}, "model": "admin.logentry", "pk": 64}, {"fields": {"action_time": "2015-07-27T16:42:25.397Z", "content_type": 9, "object_id": "1", "change_message": "", "action_flag": 3, "object_repr": "Albert Brooks", "user": 2}, "model": "admin.logentry", "pk": 65}, {"fields": {"action_time": "2015-07-27T16:42:48.696Z", "content_type": 9, "object_id": "28", "change_message": "", "action_flag": 3, "object_repr": "Oliver Reed", "user": 2}, "model": "admin.logentry", "pk": 66}, {"fields": {"action_time": "2015-07-27T16:42:48.711Z", "content_type": 9, "object_id": "27", "change_message": "", "action_flag": 3, "object_repr": "Connie Nielsen", "user": 2}, "model": "admin.logentry", "pk": 67}, {"fields": {"action_time": "2015-07-27T16:42:48.721Z", "content_type": 9, "object_id": "26", "change_message": "", "action_flag": 3, "object_repr": "Joaquin Phoenix", "user": 2}, "model": "admin.logentry", "pk": 68}, {"fields": {"action_time": "2015-07-27T16:42:48.729Z", "content_type": 9, "object_id": "25", "change_message": "", "action_flag": 3, "object_repr": "Russell Crowe", "user": 2}, "model": "admin.logentry", "pk": 69}, {"fields": {"action_time": "2015-07-27T16:43:08.436Z", "content_type": 9, "object_id": "40", "change_message": "", "action_flag": 3, "object_repr": "Richard Attenborough", "user": 2}, "model": "admin.logentry", "pk": 70}, {"fields": {"action_time": "2015-07-27T16:43:08.448Z", "content_type": 9, "object_id": "39", "change_message": "", "action_flag": 3, "object_repr": "Jeff Goldblum", "user": 2}, "model": "admin.logentry", "pk": 71}, {"fields": {"action_time": "2015-07-27T16:43:08.454Z", "content_type": 9, "object_id": "38", "change_message": "", "action_flag": 3, "object_repr": "Laura Dern", "user": 2}, "model": "admin.logentry", "pk": 72}, {"fields": {"action_time": "2015-07-27T16:43:08.461Z", "content_type": 9, "object_id": "37", "change_message": "", "action_flag": 3, "object_repr": "Sam Neill", "user": 2}, "model": "admin.logentry", "pk": 73}, {"fields": {"action_time": "2015-07-27T16:43:23.127Z", "content_type": 9, "object_id": "52", "change_message": "", "action_flag": 3, "object_repr": "Willem Dafoe", "user": 2}, "model": "admin.logentry", "pk": 74}, {"fields": {"action_time": "2015-07-27T16:43:23.140Z", "content_type": 9, "object_id": "51", "change_message": "", "action_flag": 3, "object_repr": "Alexander Gould", "user": 2}, "model": "admin.logentry", "pk": 75}, {"fields": {"action_time": "2015-07-27T16:43:23.148Z", "content_type": 9, "object_id": "50", "change_message": "", "action_flag": 3, "object_repr": "Ellen DeGeneres", "user": 2}, "model": "admin.logentry", "pk": 76}, {"fields": {"action_time": "2015-07-27T16:43:23.155Z", "content_type": 9, "object_id": "49", "change_message": "", "action_flag": 3, "object_repr": "Albert Brooks", "user": 2}, "model": "admin.logentry", "pk": 77}, {"fields": {"action_time": "2015-07-27T16:44:45.972Z", "content_type": 9, "object_id": "94", "change_message": "", "action_flag": 3, "object_repr": "Willem Dafoe", "user": 2}, "model": "admin.logentry", "pk": 78}, {"fields": {"action_time": "2015-07-27T16:44:45.980Z", "content_type": 9, "object_id": "68", "change_message": "", "action_flag": 3, "object_repr": "Meat Loaf", "user": 2}, "model": "admin.logentry", "pk": 79}, {"fields": {"action_time": "2015-07-27T16:44:45.986Z", "content_type": 9, "object_id": "67", "change_message": "", "action_flag": 3, "object_repr": "Helena Bonham Carter", "user": 2}, "model": "admin.logentry", "pk": 80}, {"fields": {"action_time": "2015-07-27T16:44:45.993Z", "content_type": 9, "object_id": "66", "change_message": "", "action_flag": 3, "object_repr": "Brad Pitt", "user": 2}, "model": "admin.logentry", "pk": 81}, {"fields": {"action_time": "2015-07-27T16:44:46.000Z", "content_type": 9, "object_id": "65", "change_message": "", "action_flag": 3, "object_repr": "Edward Norton", "user": 2}, "model": "admin.logentry", "pk": 82}, {"fields": {"action_time": "2015-07-27T16:44:46.007Z", "content_type": 9, "object_id": "64", "change_message": "", "action_flag": 3, "object_repr": "Willem Dafoe", "user": 2}, "model": "admin.logentry", "pk": 83}, {"fields": {"action_time": "2015-07-27T16:44:46.018Z", "content_type": 9, "object_id": "63", "change_message": "", "action_flag": 3, "object_repr": "Alexander Gould", "user": 2}, "model": "admin.logentry", "pk": 84}, {"fields": {"action_time": "2015-07-27T16:44:46.025Z", "content_type": 9, "object_id": "62", "change_message": "", "action_flag": 3, "object_repr": "Ellen DeGeneres", "user": 2}, "model": "admin.logentry", "pk": 85}, {"fields": {"action_time": "2015-07-27T16:44:46.034Z", "content_type": 9, "object_id": "61", "change_message": "", "action_flag": 3, "object_repr": "Albert Brooks", "user": 2}, "model": "admin.logentry", "pk": 86}, {"fields": {"action_time": "2015-07-27T16:46:43.041Z", "content_type": 9, "object_id": "100", "change_message": "", "action_flag": 3, "object_repr": "Ned Beatty", "user": 2}, "model": "admin.logentry", "pk": 87}, {"fields": {"action_time": "2015-07-27T16:46:43.055Z", "content_type": 9, "object_id": "99", "change_message": "", "action_flag": 3, "object_repr": "Christopher Reeve", "user": 2}, "model": "admin.logentry", "pk": 88}, {"fields": {"action_time": "2015-07-27T16:46:43.065Z", "content_type": 9, "object_id": "98", "change_message": "", "action_flag": 3, "object_repr": "Gene Hackman", "user": 2}, "model": "admin.logentry", "pk": 89}, {"fields": {"action_time": "2015-07-27T16:46:43.075Z", "content_type": 9, "object_id": "97", "change_message": "", "action_flag": 3, "object_repr": "Marlon Brando", "user": 2}, "model": "admin.logentry", "pk": 90}, {"fields": {"action_time": "2015-07-27T16:47:55.364Z", "content_type": 9, "object_id": "80", "change_message": "", "action_flag": 3, "object_repr": "Richard Attenborough", "user": 2}, "model": "admin.logentry", "pk": 91}, {"fields": {"action_time": "2015-07-27T16:47:55.378Z", "content_type": 9, "object_id": "79", "change_message": "", "action_flag": 3, "object_repr": "Jeff Goldblum", "user": 2}, "model": "admin.logentry", "pk": 92}, {"fields": {"action_time": "2015-07-27T16:47:55.385Z", "content_type": 9, "object_id": "78", "change_message": "", "action_flag": 3, "object_repr": "Laura Dern", "user": 2}, "model": "admin.logentry", "pk": 93}, {"fields": {"action_time": "2015-07-27T16:47:55.394Z", "content_type": 9, "object_id": "77", "change_message": "", "action_flag": 3, "object_repr": "Sam Neill", "user": 2}, "model": "admin.logentry", "pk": 94}, {"fields": {"action_time": "2015-07-27T16:50:25.399Z", "content_type": 8, "object_id": "30", "change_message": "", "action_flag": 3, "object_repr": "J.K. Rowling (novel), Steve Kloves (screenplay)", "user": 2}, "model": "admin.logentry", "pk": 95}, {"fields": {"action_time": "2015-07-27T16:50:25.412Z", "content_type": 8, "object_id": "29", "change_message": "", "action_flag": 3, "object_repr": "J.K. Rowling (novel), Steve Kloves (screenplay)", "user": 2}, "model": "admin.logentry", "pk": 96}, {"fields": {"action_time": "2015-07-27T16:50:25.420Z", "content_type": 8, "object_id": "25", "change_message": "", "action_flag": 3, "object_repr": "Jerry Siegel (creator), Joe Shuster (creator), Mario Puzo (story), Mario Puzo (screenplay), David Newman (screenplay), Leslie Newman (screenplay), Robert Benton (screenplay)", "user": 2}, "model": "admin.logentry", "pk": 97}, {"fields": {"action_time": "2015-07-27T16:50:25.426Z", "content_type": 8, "object_id": "20", "change_message": "", "action_flag": 3, "object_repr": "Michael Crichton (novel), Michael Crichton (screenplay), David Koepp (screenplay)", "user": 2}, "model": "admin.logentry", "pk": 98}, {"fields": {"action_time": "2015-07-27T16:50:25.432Z", "content_type": 8, "object_id": "17", "change_message": "", "action_flag": 3, "object_repr": "Chuck Palahniuk (novel), Jim Uhls (screenplay)", "user": 2}, "model": "admin.logentry", "pk": 99}, {"fields": {"action_time": "2015-07-27T16:50:25.438Z", "content_type": 8, "object_id": "16", "change_message": "", "action_flag": 3, "object_repr": "Andrew Stanton (original story by), Andrew Stanton (screenplay), Bob Peterson (screenplay), David Reynolds (screenplay)", "user": 2}, "model": "admin.logentry", "pk": 100}, {"fields": {"action_time": "2015-07-27T16:50:25.445Z", "content_type": 8, "object_id": "13", "change_message": "", "action_flag": 3, "object_repr": "Andrew Stanton (original story by), Andrew Stanton (screenplay), Bob Peterson (screenplay), David Reynolds (screenplay)", "user": 2}, "model": "admin.logentry", "pk": 101}, {"fields": {"action_time": "2015-07-27T16:50:25.454Z", "content_type": 8, "object_id": "10", "change_message": "", "action_flag": 3, "object_repr": "Michael Crichton (novel), Michael Crichton (screenplay), David Koepp (screenplay)", "user": 2}, "model": "admin.logentry", "pk": 102}, {"fields": {"action_time": "2015-07-27T16:50:25.461Z", "content_type": 8, "object_id": "7", "change_message": "", "action_flag": 3, "object_repr": "David Franzoni (story), David Franzoni (screenplay), John Logan (screenplay), William Nicholson (screenplay)", "user": 2}, "model": "admin.logentry", "pk": 103}, {"fields": {"action_time": "2015-07-27T16:50:25.468Z", "content_type": 8, "object_id": "6", "change_message": "", "action_flag": 3, "object_repr": "Andrew Stanton (original story by), Andrew Stanton (screenplay), Bob Peterson (screenplay), David Reynolds (screenplay)", "user": 2}, "model": "admin.logentry", "pk": 104}, {"fields": {"action_time": "2015-07-27T16:50:25.477Z", "content_type": 8, "object_id": "5", "change_message": "", "action_flag": 3, "object_repr": "Andrew Stanton (original story by), Andrew Stanton (screenplay), Bob Peterson (screenplay), David Reynolds (screenplay)", "user": 2}, "model": "admin.logentry", "pk": 105}, {"fields": {"action_time": "2015-07-27T16:50:25.487Z", "content_type": 8, "object_id": "4", "change_message": "", "action_flag": 3, "object_repr": "Andrew Stanton (original story by), Andrew Stanton (screenplay), Bob Peterson (screenplay), David Reynolds (screenplay)", "user": 2}, "model": "admin.logentry", "pk": 106}, {"fields": {"action_time": "2015-07-27T16:50:25.497Z", "content_type": 8, "object_id": "3", "change_message": "", "action_flag": 3, "object_repr": "Andrew Stanton (original story by), Andrew Stanton (screenplay), Bob Peterson (screenplay), David Reynolds (screenplay)", "user": 2}, "model": "admin.logentry", "pk": 107}, {"fields": {"action_time": "2015-07-27T16:50:25.509Z", "content_type": 8, "object_id": "2", "change_message": "", "action_flag": 3, "object_repr": "Andrew Stanton (original story by), Andrew Stanton (screenplay), Bob Peterson (screenplay), David Reynolds (screenplay)", "user": 2}, "model": "admin.logentry", "pk": 108}, {"fields": {"action_time": "2015-07-27T19:44:51.593Z", "content_type": 10, "object_id": "38", "change_message": "", "action_flag": 3, "object_repr": "The Freakest Hoes Afrodisiac (2001)", "user": 2}, "model": "admin.logentry", "pk": 109}, {"fields": {"action_time": "2015-07-27T19:44:51.606Z", "content_type": 10, "object_id": "37", "change_message": "", "action_flag": 3, "object_repr": "Bitch (2006)", "user": 2}, "model": "admin.logentry", "pk": 110}, {"fields": {"action_time": "2015-07-27T19:44:51.614Z", "content_type": 10, "object_id": "36", "change_message": "", "action_flag": 3, "object_repr": "Bachna Ae Haseeno (2008)", "user": 2}, "model": "admin.logentry", "pk": 111}, {"fields": {"action_time": "2015-07-28T18:24:59.713Z", "content_type": 4, "object_id": "7", "change_message": "", "action_flag": 3, "object_repr": "test", "user": 2}, "model": "admin.logentry", "pk": 112}]